timestamp,host,ip,dns_ms,tcp_ms,tls_ms,http_status,total_ms
2026-04-08T09:56:47.671870,google.com,173.194.208.138,1.56,34.5,219.92,301,755.49
2026-04-08T09:57:12.677180,google.com,173.194.208.138,15.34,8.6,23.12,301,298.59
2026-04-08T09:57:12.981080,cloudflare.com,104.16.132.229,7.76,16.4,20.91,301,303.06
2026-04-08T09:57:13.514351,github.com,140.82.112.4,6.61,49.24,118.09,200,532.58
2026-04-08T09:57:47.678242,google.com,173.194.208.138,2.73,10.23,23.87,301,273.99
2026-04-08T09:57:58.085563,cloudflare.com,104.16.132.229,2.13,10.2,19.73,301,279.89
2026-04-08T09:58:08.619390,github.com,140.82.114.4,7.51,96.07,72.64,200,509.47
2026-04-08T09:58:28.924540,google.com,173.194.208.138,1.49,9.32,21.92,301,261.62
2026-04-08T09:58:39.293054,cloudflare.com,104.16.132.229,6.84,67.49,19.09,301,339.55
2026-04-08T09:58:49.798324,github.com,140.82.114.4,1.17,46.29,80.23,200,487.13
2026-04-08T09:59:10.103372,google.com,173.194.208.138,2.59,7.57,20.45,301,270.05
2026-04-08T09:59:20.393623,cloudflare.com,104.16.132.229,2.1,7.58,19.61,301,273.61
2026-04-08T09:59:30.900585,github.com,140.82.114.4,13.31,40.6,75.57,200,474.67
2026-04-08T09:59:51.227628,google.com,173.194.208.138,1.66,10.68,24.83,301,270.79
2026-04-08T10:00:01.542242,cloudflare.com,104.16.132.229,1.46,22.57,25.58,301,297.84
2026-04-08T10:00:12.040971,github.com,140.82.112.3,5.86,52.95,82.06,200,479.41
2026-04-08T10:05:18.473091,google.com,173.194.208.102,14.8,32.68,35.0,301,486.05
2026-04-08T10:05:29.104826,cloudflare.com,104.16.132.229,11.12,18.54,20.47,301,321.24
2026-04-08T10:05:40.075832,github.com,140.82.112.3,6.37,95.93,111.49,200,594.4
2026-04-08T10:06:00.444092,google.com,173.194.208.102,1.45,18.26,20.97,301,269.03
2026-04-08T10:06:10.854169,cloudflare.com,104.16.132.229,1.33,18.74,20.65,301,264.41
2026-04-08T10:06:21.450446,github.com,140.82.113.3,5.98,42.93,71.49,200,434.01
2026-04-08T10:06:42.078303,google.com,173.194.208.139,9.03,13.99,30.47,301,457.3
2026-04-08T10:06:52.673239,cloudflare.com,104.16.132.229,8.51,79.81,29.31,301,504.45
2026-04-08T10:07:03.449201,github.com,140.82.113.3,9.05,44.43,83.8,200,483.89
2026-04-08T10:07:24.315993,google.com,173.194.208.139,1.81,47.85,30.8,301,508.75
2026-04-08T10:07:34.776695,cloudflare.com,104.16.132.229,1.48,11.22,20.54,301,333.7
2026-04-08T10:07:45.779010,github.com,140.82.114.4,8.62,60.35,70.6,200,482.87
2026-04-08T10:08:06.283382,google.com,173.194.208.139,1.3,57.48,25.3,301,332.23
2026-04-08T10:08:16.669506,cloudflare.com,104.16.132.229,7.67,16.3,21.01,301,292.67
2026-04-08T10:08:27.334518,github.com,140.82.114.4,1.54,45.7,71.67,200,495.38
2026-04-08T10:08:47.836728,google.com,173.194.208.139,1.28,9.85,25.32,301,276.41
2026-04-08T10:08:58.230523,cloudflare.com,104.16.132.229,1.39,7.83,20.45,301,256.93
2026-04-08T10:09:08.774039,github.com,140.82.114.3,5.23,44.07,75.66,200,457.88
2026-04-08T10:09:29.388211,google.com,173.194.208.139,5.67,6.7,253.53,301,525.32
2026-04-08T10:09:39.905484,cloudflare.com,104.16.132.229,1.37,6.8,26.47,301,275.13
2026-04-08T10:09:50.524972,github.com,140.82.113.3,9.41,49.97,85.79,200,526.74
2026-04-08T10:10:10.956459,google.com,173.194.208.139,1.47,8.6,19.49,301,261.07
2026-04-08T10:10:21.353619,cloudflare.com,104.16.132.229,1.4,9.2,22.73,301,279.18
2026-04-08T10:10:31.996960,github.com,140.82.113.3,9.14,56.65,82.58,200,518.62
2026-04-08T10:10:52.444632,google.com,173.194.208.139,1.86,11.25,23.07,301,273.31
2026-04-08T10:11:02.824655,cloudflare.com,104.16.132.229,7.57,10.45,25.66,301,289.88
2026-04-08T10:11:13.398455,github.com,140.82.112.4,6.46,53.39,75.41,200,499.43
2026-04-08T10:11:34.134289,google.com,173.194.208.138,7.79,8.45,23.57,301,263.03
2026-04-08T10:11:44.506730,cloudflare.com,104.16.132.229,8.56,7.16,20.12,301,273.64
2026-04-08T10:11:55.110360,github.com,140.82.114.4,5.97,48.72,76.04,200,480.06
2026-04-08T10:12:15.485334,google.com,173.194.208.138,1.46,8.94,23.95,301,267.83
2026-04-08T10:12:25.912547,cloudflare.com,104.16.132.229,1.36,7.9,24.21,301,274.02
2026-04-08T10:12:36.490433,github.com,140.82.114.4,11.78,49.64,71.8,200,485.15
2026-04-08T10:12:56.871692,google.com,173.194.208.138,1.52,7.66,25.17,301,276.24
2026-04-08T10:13:07.346535,cloudflare.com,104.16.132.229,1.57,6.58,19.69,301,276.13
2026-04-08T10:13:17.912813,github.com,140.82.114.4,1.9,53.25,88.81,200,475.88
2026-04-08T10:13:38.494135,google.com,173.194.208.138,2.21,9.21,23.98,301,280.53
2026-04-08T10:13:48.942150,cloudflare.com,104.16.132.229,1.59,18.46,23.01,301,299.52
2026-04-08T10:13:59.559236,github.com,140.82.112.3,8.97,64.22,85.67,200,501.31
2026-04-08T10:14:19.965671,google.com,173.194.208.138,3.19,11.54,24.79,301,279.41
2026-04-08T10:14:30.339956,cloudflare.com,104.16.132.229,1.42,7.53,20.85,301,264.52
2026-04-08T10:14:40.954450,github.com,140.82.114.4,6.32,43.96,100.11,200,522.6
2026-04-08T10:15:01.361492,google.com,173.194.208.138,1.6,19.46,21.77,301,264.65
2026-04-08T10:15:11.749890,cloudflare.com,104.16.132.229,1.34,12.43,20.83,301,272.88
2026-04-08T10:15:22.362734,github.com,140.82.114.3,9.13,52.91,83.81,200,496.68
2026-04-08T10:15:42.729061,google.com,173.194.208.139,6.83,7.32,18.94,301,274.9
2026-04-08T10:15:53.076577,cloudflare.com,104.16.132.229,1.29,9.02,24.05,301,261.1
2026-04-08T10:16:03.642460,github.com,140.82.114.3,1.2,43.05,76.27,200,447.8
2026-04-08T10:16:24.035159,google.com,173.194.208.139,1.29,8.31,19.49,301,273.65
2026-04-08T10:16:34.456439,cloudflare.com,104.16.132.229,1.38,13.54,22.94,301,294.6
2026-04-08T10:16:45.115937,github.com,140.82.114.3,9.81,47.92,90.23,200,503.61
2026-04-08T10:17:05.600075,google.com,173.194.208.139,1.49,64.41,18.57,301,310.51
2026-04-08T10:17:15.987602,cloudflare.com,104.16.133.229,5.9,8.86,25.46,301,286.81
2026-04-08T10:17:26.537324,github.com,140.82.114.4,10.22,49.01,78.64,200,467.42
2026-04-08T10:17:46.964105,google.com,173.194.208.139,2.22,9.1,25.95,301,273.69
2026-04-08T10:17:57.327951,cloudflare.com,104.16.133.229,1.36,9.69,24.84,301,277.54
2026-04-08T10:18:07.920069,github.com,140.82.114.3,7.63,44.46,73.37,200,462.27
2026-04-08T10:18:28.333701,google.com,173.194.208.139,1.21,7.48,25.3,301,279.61
2026-04-08T10:18:38.734652,cloudflare.com,104.16.133.229,1.41,11.73,20.89,301,272.11
2026-04-08T10:18:49.368172,github.com,140.82.113.3,11.39,49.26,78.82,200,507.7
2026-04-08T10:19:09.779559,google.com,173.194.208.139,1.52,9.57,23.68,301,263.51
2026-04-08T10:19:20.195593,cloudflare.com,104.16.133.229,1.34,8.61,22.79,301,292.42
2026-04-08T10:19:30.837876,github.com,140.82.112.4,8.19,53.7,84.14,200,493.25
2026-04-08T10:19:51.433248,google.com,173.194.208.139,1.55,7.26,29.28,301,327.77
2026-04-08T10:20:02.163488,cloudflare.com,104.16.133.229,1.46,42.44,57.47,301,565.72
2026-04-08T10:20:12.770042,github.com,140.82.112.4,12.0,44.31,78.46,200,464.41
2026-04-08T10:20:33.258536,google.com,173.194.208.101,13.2,17.24,24.64,301,288.34
2026-04-08T10:20:43.632288,cloudflare.com,104.16.133.229,1.43,10.68,21.31,301,290.9
2026-04-08T10:20:54.284543,github.com,140.82.112.4,1.16,53.8,78.04,200,474.39
2026-04-08T10:21:14.648247,google.com,173.194.208.101,1.37,7.85,18.82,301,252.42
2026-04-08T10:21:25.031132,cloudflare.com,104.16.132.229,11.03,12.64,20.98,301,304.49
2026-04-08T10:21:35.584506,github.com,140.82.114.4,8.51,44.22,81.31,200,477.87
2026-04-08T10:21:55.952707,google.com,173.194.208.101,1.56,8.81,23.22,301,271.6
2026-04-08T10:22:06.328996,cloudflare.com,104.16.132.229,1.39,7.41,22.55,301,279.46
2026-04-08T10:22:16.943702,github.com,140.82.112.4,6.99,51.73,86.28,200,482.58
2026-04-08T10:22:37.338097,google.com,173.194.208.101,1.34,8.67,22.9,301,258.56
2026-04-08T10:22:47.704702,cloudflare.com,104.16.132.229,1.46,7.33,24.51,301,265.72
2026-04-08T10:22:58.281773,github.com,140.82.112.3,9.88,53.25,82.65,200,489.12
2026-04-08T10:23:18.652816,google.com,173.194.208.101,1.5,8.8,24.75,301,268.26
2026-04-08T10:23:29.024030,cloudflare.com,104.16.132.229,1.95,10.16,24.83,301,290.14
2026-04-08T10:23:39.597744,github.com,140.82.114.4,8.51,48.56,71.26,200,488.57
2026-04-08T10:24:00.244041,google.com,173.194.208.101,1.31,69.27,33.9,301,538.67
2026-04-08T10:24:10.733417,cloudflare.com,104.16.132.229,1.42,6.49,19.94,301,253.28
2026-04-08T10:24:21.423313,github.com,140.82.112.3,6.02,50.89,78.56,200,465.8
2026-04-08T10:24:41.797339,google.com,173.194.208.113,7.6,14.01,18.92,301,266.13
2026-04-08T10:24:52.186835,cloudflare.com,104.16.132.229,1.48,7.44,20.14,301,259.68
2026-04-08T10:25:02.962519,github.com,140.82.112.4,6.69,56.5,119.89,200,621.84
2026-04-08T10:25:28.008395,google.com,173.194.208.113,1.35,16.02,24.56,301,336.53
2026-04-08T10:25:38.836381,cloudflare.com,104.16.132.229,1.55,24.28,156.79,301,555.58
2026-04-08T10:25:49.854412,github.com,140.82.113.4,8.32,47.03,71.72,200,459.26
2026-04-08T10:26:10.737775,google.com,173.194.208.113,10.66,11.57,23.67,301,314.63
2026-04-08T10:26:21.386613,cloudflare.com,104.16.132.229,4.08,14.19,36.54,301,398.36
2026-04-08T10:26:32.037164,github.com,140.82.113.4,1.19,42.92,79.19,200,460.45
2026-04-08T10:26:52.389912,google.com,173.194.208.113,1.66,11.25,20.7,301,256.11
2026-04-08T10:27:02.736172,cloudflare.com,104.16.133.229,8.12,12.74,22.13,301,264.22
2026-04-08T10:27:13.418330,github.com,140.82.113.4,9.73,53.12,78.0,200,475.12
2026-04-08T10:27:33.781717,google.com,173.194.208.113,1.58,10.07,22.22,301,255.1
2026-04-08T10:27:47.064938,cloudflare.com,104.16.133.229,6.5,18.73,36.99,301,310.68
2026-04-08T10:27:57.681012,github.com,140.82.114.3,11.46,45.43,73.71,200,490.96
2026-04-08T10:28:18.324212,google.com,173.194.208.113,1.44,10.79,27.42,301,263.18
2026-04-08T10:28:28.852674,cloudflare.com,104.16.133.229,1.48,19.4,30.41,301,353.56
2026-04-08T10:28:39.499127,github.com,140.82.114.3,5.81,71.35,84.54,200,538.69
2026-04-08T10:29:00.053776,google.com,173.194.208.113,1.39,11.6,19.25,301,286.78
2026-04-08T10:29:10.436960,cloudflare.com,104.16.133.229,1.66,8.51,25.34,301,287.66
2026-04-08T10:29:21.027250,github.com,140.82.114.3,1.12,45.16,81.08,200,510.01
2026-04-08T10:29:41.546986,google.com,173.194.208.113,10.01,14.34,23.71,301,271.98
2026-04-08T10:29:51.948216,cloudflare.com,104.16.133.229,2.17,10.48,21.3,301,271.78
2026-04-08T10:30:02.658795,github.com,140.82.113.3,8.82,67.04,83.98,200,533.79
2026-04-08T10:30:23.048615,google.com,173.194.208.113,1.54,8.42,24.87,301,281.84
2026-04-08T10:30:33.927122,cloudflare.com,104.16.133.229,2.43,9.4,18.68,301,262.97
2026-04-08T10:30:44.581857,github.com,140.82.112.4,13.23,54.56,103.16,200,518.78
2026-04-08T10:31:05.374009,google.com,173.194.208.113,1.68,8.69,23.09,301,259.07
2026-04-08T10:31:15.836657,cloudflare.com,104.16.133.229,1.47,17.26,21.96,301,263.47
2026-04-08T10:31:26.507894,github.com,140.82.112.4,1.28,44.9,75.17,200,448.98
2026-04-08T10:31:46.866654,google.com,173.194.208.113,1.53,10.55,20.35,301,258.57
2026-04-08T10:31:57.243181,cloudflare.com,104.16.132.229,9.34,13.08,27.14,301,296.98
2026-04-08T10:32:07.842277,github.com,140.82.112.4,6.23,54.12,75.07,200,487.15
2026-04-08T10:32:28.212066,google.com,173.194.208.113,1.43,9.01,22.58,301,262.41
2026-04-08T10:32:38.691342,cloudflare.com,104.16.132.229,1.71,11.61,20.03,301,341.54
2026-04-08T10:32:49.319052,github.com,140.82.113.4,11.77,50.68,83.13,200,533.62
2026-04-08T10:33:09.727081,google.com,173.194.208.113,1.37,7.07,20.22,301,273.08
2026-04-08T10:33:20.232734,cloudflare.com,104.16.133.229,5.85,6.9,17.11,301,316.13
2026-04-08T10:33:30.847086,github.com,140.82.114.3,7.24,44.56,86.71,200,471.63
2026-04-08T10:33:51.334133,google.com,142.250.114.101,6.79,10.57,19.93,301,281.93
2026-04-08T10:34:01.740235,cloudflare.com,104.16.133.229,1.41,10.22,25.41,301,280.03
2026-04-08T10:34:12.366462,github.com,140.82.114.4,5.83,54.96,77.86,200,489.27
2026-04-08T10:34:32.791546,google.com,142.251.186.100,11.37,17.23,21.17,301,281.48
2026-04-08T10:34:43.207110,cloudflare.com,104.16.133.229,1.72,6.97,17.51,301,321.49
2026-04-08T10:34:53.803955,github.com,140.82.112.4,9.21,49.75,85.88,200,474.24
2026-04-08T10:35:14.233787,google.com,142.251.186.100,1.04,22.2,24.72,301,305.72
2026-04-08T10:35:24.600229,cloudflare.com,104.16.133.229,2.69,13.85,21.19,301,278.63
2026-04-08T10:35:35.235020,github.com,140.82.114.4,10.05,45.16,73.67,200,469.73
2026-04-08T10:35:55.755608,google.com,142.251.186.100,1.35,7.87,22.43,301,268.44
2026-04-08T10:36:06.162091,cloudflare.com,104.16.133.229,1.45,16.85,24.51,301,292.72
2026-04-08T10:36:16.752322,github.com,140.82.112.4,7.94,44.83,73.46,200,461.25
2026-04-08T10:36:37.122293,google.com,142.251.186.100,1.41,8.38,26.07,301,262.45
2026-04-08T10:36:47.594536,cloudflare.com,104.16.132.229,7.64,10.07,22.52,301,340.13
2026-04-08T10:36:58.226499,github.com,140.82.112.4,5.98,40.47,74.67,200,474.76
2026-04-08T10:37:18.573222,google.com,142.251.186.100,1.53,7.79,27.41,301,241.83
2026-04-08T10:37:28.969291,cloudflare.com,104.16.133.229,6.79,10.2,19.8,301,307.61
2026-04-08T10:37:39.840314,github.com,140.82.112.3,9.06,49.06,94.3,200,748.34
2026-04-08T10:38:00.310366,google.com,142.251.186.100,2.57,8.16,23.8,301,274.08
2026-04-08T10:38:10.667705,cloudflare.com,104.16.133.229,1.21,12.25,19.51,301,267.3
2026-04-08T10:38:21.252625,github.com,140.82.114.4,7.31,62.9,88.02,200,498.86
2026-04-08T10:38:41.623218,google.com,142.251.186.100,1.34,7.24,26.83,301,276.49
2026-04-08T10:38:52.022633,cloudflare.com,104.16.133.229,1.32,6.54,23.77,301,316.12
2026-04-08T10:39:02.636508,github.com,140.82.112.4,5.48,43.74,81.34,200,491.27
2026-04-08T10:39:23.080351,google.com,142.251.186.113,13.25,17.33,23.7,301,350.67
2026-04-08T10:39:33.482587,cloudflare.com,104.16.133.229,1.43,8.83,21.3,301,261.83
2026-04-08T10:39:44.237704,github.com,140.82.114.3,6.98,48.81,86.44,200,490.09
2026-04-08T10:40:04.625000,google.com,142.251.186.113,1.55,12.76,23.58,301,279.73
2026-04-08T10:40:15.007034,cloudflare.com,104.16.133.229,1.31,7.44,20.74,301,262.13
2026-04-08T10:40:25.644438,github.com,140.82.113.3,7.02,50.96,91.02,200,519.92
2026-04-08T10:40:46.072823,google.com,142.251.186.113,1.43,7.14,25.02,301,283.98
2026-04-08T10:40:56.474996,cloudflare.com,104.16.133.229,1.37,15.94,22.78,301,294.98
2026-04-08T10:41:07.113913,github.com,140.82.112.3,9.35,51.13,76.7,200,518.74
2026-04-08T10:41:27.584596,google.com,142.251.186.113,1.77,7.2,25.54,301,259.21
2026-04-08T10:41:37.947367,cloudflare.com,104.16.133.229,8.87,12.81,28.71,301,283.28
2026-04-08T10:41:48.642828,github.com,140.82.112.4,15.57,61.59,93.71,200,559.98
2026-04-08T10:42:08.999089,google.com,142.251.186.113,1.37,11.6,24.65,301,272.88
2026-04-08T10:42:19.406186,cloudflare.com,104.16.133.229,2.43,10.04,21.19,301,262.78
2026-04-08T10:42:30.071374,github.com,140.82.114.3,9.81,57.13,77.23,200,529.7
2026-04-08T10:42:50.563465,google.com,142.251.186.113,1.77,6.59,24.0,301,281.83
2026-04-08T10:43:01.006265,cloudflare.com,104.16.133.229,12.9,7.25,37.36,301,324.18
2026-04-08T10:43:11.576040,github.com,140.82.114.3,5.66,44.97,79.19,200,468.54
2026-04-08T10:43:32.161108,google.com,173.194.208.100,26.99,47.0,26.39,301,468.62
2026-04-08T10:43:42.580141,cloudflare.com,104.16.133.229,1.56,6.54,35.05,301,286.84
2026-04-08T10:43:53.187688,github.com,140.82.113.4,6.28,43.57,93.88,200,508.75
2026-04-08T10:44:13.615281,google.com,173.194.208.100,1.49,7.22,19.43,301,246.23
2026-04-08T10:44:24.096524,cloudflare.com,104.16.133.229,1.61,8.77,20.52,301,350.76
2026-04-08T10:44:34.782551,github.com,140.82.113.4,1.71,44.47,86.77,200,593.83
2026-04-08T10:44:55.225738,google.com,173.194.208.100,1.48,24.46,23.89,301,290.46
2026-04-08T10:45:05.662400,cloudflare.com,104.16.133.229,1.71,8.86,40.35,301,293.91
2026-04-08T10:45:16.669885,github.com,140.82.112.3,9.14,46.21,98.74,200,483.04
2026-04-08T10:45:37.067797,google.com,173.194.208.100,1.42,8.36,47.59,301,286.34
2026-04-08T10:45:47.434573,cloudflare.com,104.16.133.229,1.29,10.22,20.71,301,265.4
2026-04-08T10:45:58.023216,github.com,140.82.114.4,8.09,46.85,79.59,200,461.03
2026-04-08T10:46:18.521774,google.com,173.194.208.100,1.36,11.19,52.68,301,358.69
2026-04-08T10:46:28.956150,cloudflare.com,104.16.133.229,7.19,13.96,26.97,301,279.31
2026-04-08T10:46:39.553372,github.com,140.82.114.4,2.65,50.29,83.68,200,506.66
2026-04-08T10:46:59.899493,google.com,173.194.208.100,1.42,7.45,20.03,301,249.33
2026-04-08T10:47:10.361815,cloudflare.com,104.16.133.229,20.22,8.83,23.83,301,374.17
2026-04-08T10:47:20.941242,github.com,140.82.112.4,8.46,49.61,77.44,200,483.06
2026-04-08T10:47:41.559168,google.com,173.194.208.100,1.53,9.72,22.82,301,261.32
2026-04-08T10:47:51.936648,cloudflare.com,104.16.133.229,2.14,8.2,26.75,301,283.36
2026-04-08T10:48:02.593537,github.com,140.82.113.3,8.45,49.99,92.24,200,546.17
2026-04-08T10:48:23.057481,google.com,142.250.113.101,11.07,9.93,21.99,301,330.29
2026-04-08T10:48:33.405246,cloudflare.com,104.16.133.229,2.14,6.53,20.84,301,263.44
2026-04-08T10:48:44.016708,github.com,140.82.114.3,5.55,48.41,78.43,200,531.42
2026-04-08T10:49:04.859251,google.com,142.250.113.101,2.24,12.78,20.2,301,281.52
2026-04-08T10:49:15.199845,cloudflare.com,104.16.133.229,1.34,9.09,23.03,301,251.73
2026-04-08T10:49:25.748931,github.com,140.82.114.3,1.29,49.42,73.41,200,467.71
2026-04-08T10:49:46.148855,google.com,142.250.113.101,1.37,20.21,23.28,301,274.69
2026-04-08T10:49:56.560931,cloudflare.com,104.16.133.229,1.45,11.36,31.25,301,302.3
2026-04-08T10:50:07.164544,github.com,140.82.112.3,6.8,44.47,89.84,200,484.62
2026-04-08T10:50:27.624406,google.com,142.250.113.101,1.35,7.67,25.21,301,268.47
2026-04-08T10:50:38.003272,cloudflare.com,104.16.133.229,1.51,18.46,25.1,301,292.45
2026-04-08T10:50:48.588625,github.com,140.82.113.4,6.94,49.13,72.97,200,503.24
2026-04-08T10:51:08.954092,google.com,142.250.113.101,1.33,9.33,24.95,301,267.99
2026-04-08T10:51:19.328199,cloudflare.com,104.16.132.229,7.91,9.03,24.71,301,274.91
2026-04-08T10:51:29.946274,github.com,140.82.113.4,7.99,49.11,84.99,200,483.66
2026-04-08T10:51:50.366955,google.com,142.250.113.101,1.15,8.45,24.85,301,288.31
2026-04-08T10:52:00.732784,cloudflare.com,104.16.133.229,7.52,10.63,15.92,301,284.16
2026-04-08T10:52:11.487602,github.com,140.82.113.4,1.16,114.08,86.57,200,604.6
2026-04-08T10:52:32.445311,google.com,142.250.113.101,2.37,55.57,57.77,301,380.08
2026-04-08T10:52:42.828920,cloudflare.com,104.16.133.229,2.14,10.78,36.43,301,296.22
2026-04-08T10:52:53.378656,github.com,140.82.112.4,8.83,49.74,88.89,200,469.88
2026-04-08T10:53:13.783732,google.com,142.250.113.102,9.17,8.49,23.3,301,303.04
2026-04-08T10:53:24.177055,cloudflare.com,104.16.133.229,1.42,6.83,22.32,301,308.4
2026-04-08T10:53:34.792327,github.com,140.82.113.4,10.56,46.11,85.73,200,518.05
2026-04-08T10:53:55.801276,google.com,142.250.113.102,2.85,24.24,21.5,301,322.23
2026-04-08T10:54:06.438326,cloudflare.com,104.16.133.229,9.19,10.59,30.41,301,357.57
2026-04-08T10:54:18.077813,github.com,140.82.113.4,24.59,237.76,171.56,200,1024.45
2026-04-08T10:54:39.258384,google.com,142.250.113.102,1.68,11.3,23.8,301,288.94
2026-04-08T10:54:50.239188,cloudflare.com,104.16.133.229,1.57,8.46,23.84,301,252.7
2026-04-08T10:55:01.354507,github.com,140.82.113.4,7.3,57.74,89.29,200,475.45
2026-04-08T10:55:23.287310,google.com,142.250.113.102,1.55,9.98,22.13,301,265.54
2026-04-08T10:55:34.379145,cloudflare.com,104.16.133.229,1.57,13.78,39.75,301,507.25
2026-04-08T10:55:46.026756,github.com,140.82.112.4,192.7,40.75,79.93,200,788.02
2026-04-08T10:56:07.042982,google.com,142.250.113.102,1.51,8.4,23.39,301,292.88
2026-04-08T10:56:21.457494,cloudflare.com,104.16.133.229,949.69,161.3,374.74,301,3465.84
2026-04-08T10:56:34.374807,github.com,140.82.113.4,10.08,49.68,91.32,200,599.65
2026-04-08T10:56:55.431552,google.com,142.250.113.102,1.51,7.03,24.0,301,324.47
2026-04-08T10:57:06.078932,cloudflare.com,104.16.132.229,13.17,7.1,20.41,301,307.44
2026-04-08T10:57:17.224374,github.com,140.82.113.4,7.96,53.31,81.01,200,594.13
2026-04-08T10:57:37.842198,google.com,142.250.113.102,2.76,12.32,20.39,301,270.87
2026-04-08T10:57:48.876982,cloudflare.com,104.16.132.229,1.67,8.01,20.58,301,312.06
2026-04-08T10:58:00.205354,github.com,140.82.113.4,6.4,102.89,93.39,200,667.11
2026-04-08T10:58:20.947346,google.com,173.194.208.113,7.23,9.7,22.99,301,279.31
2026-04-08T10:58:32.282994,cloudflare.com,104.16.132.229,1.62,13.71,31.48,301,339.3
2026-04-08T10:58:43.525532,github.com,140.82.113.4,8.99,48.85,132.67,200,632.96
2026-04-08T10:59:04.064984,google.com,173.194.208.113,1.42,12.69,18.9,301,252.47
2026-04-08T10:59:14.554239,cloudflare.com,104.16.132.229,1.53,7.58,20.43,301,301.43
2026-04-08T10:59:25.598976,github.com,140.82.112.4,7.93,143.96,109.53,200,699.88
2026-04-08T10:59:46.418333,google.com,173.194.208.113,9.89,12.9,35.66,301,425.39
2026-04-08T10:59:56.945014,cloudflare.com,104.16.132.229,3.55,9.54,25.89,301,313.03
2026-04-08T11:00:07.659641,github.com,140.82.113.3,6.66,56.88,77.42,200,464.12
2026-04-08T11:00:28.041790,google.com,173.194.208.113,1.56,10.16,22.41,301,280.32
2026-04-08T11:00:38.458810,cloudflare.com,104.16.132.229,1.41,32.86,24.18,301,302.45
2026-04-08T11:00:49.145510,github.com,140.82.113.3,3.5,53.13,89.24,200,493.3
2026-04-08T11:01:09.636652,google.com,173.194.208.113,1.22,13.86,32.51,301,304.36
2026-04-08T11:01:20.038019,cloudflare.com,104.16.133.229,7.34,6.61,24.14,301,323.54
2026-04-08T11:01:30.647111,github.com,140.82.113.3,8.87,51.88,91.13,200,504.96
2026-04-08T11:01:51.026767,google.com,173.194.208.113,1.48,7.87,21.74,301,276.13
2026-04-08T11:02:01.703213,cloudflare.com,104.16.132.229,9.13,9.6,35.64,301,513.51
2026-04-08T11:02:12.568780,github.com,140.82.113.3,26.9,49.8,94.2,200,572.41
2026-04-08T11:02:33.381596,google.com,142.250.113.113,8.67,23.92,20.81,301,329.4
2026-04-08T11:02:43.805491,cloudflare.com,104.16.132.229,1.53,11.32,18.67,301,325.4
2026-04-08T11:02:54.873243,github.com,140.82.113.3,17.21,156.89,93.71,200,946.18
2026-04-08T11:03:15.247894,google.com,142.250.113.113,1.82,7.1,19.97,301,261.71
2026-04-08T11:03:25.656377,cloudflare.com,104.16.132.229,2.26,9.05,18.24,301,312.98
2026-04-08T11:03:36.355061,github.com,140.82.113.3,8.11,49.5,97.41,200,570.31
2026-04-08T11:03:56.891448,google.com,142.250.113.113,1.37,14.88,27.32,301,379.97
2026-04-08T11:04:07.313314,cloudflare.com,104.16.132.229,1.34,7.43,42.35,301,301.23
2026-04-08T11:04:18.598412,github.com,140.82.112.4,10.58,59.35,109.09,200,988.01
2026-04-08T11:04:41.340698,google.com,142.250.113.113,1.94,1803.28,30.94,301,2266.57
2026-04-08T11:04:53.089867,cloudflare.com,104.16.132.229,2.02,23.2,26.38,301,291.19
2026-04-08T11:05:03.741001,github.com,140.82.112.4,24.52,42.42,90.86,200,513.4
2026-04-08T11:05:24.261550,google.com,142.250.113.113,1.55,22.45,25.7,301,339.16
2026-04-08T11:05:34.815511,cloudflare.com,104.16.132.229,1.4,9.9,27.47,301,300.94
2026-04-08T11:05:45.420450,github.com,140.82.112.4,1.6,54.1,91.5,200,503.24
2026-04-08T11:06:05.810973,google.com,142.250.113.113,1.6,7.72,25.71,301,281.51
2026-04-08T11:06:16.212950,cloudflare.com,104.16.132.229,9.34,7.48,19.67,301,286.45
2026-04-08T11:06:26.813495,github.com,140.82.112.4,8.53,54.13,81.52,200,484.88
2026-04-08T11:06:47.214527,google.com,142.250.113.113,1.73,9.52,21.39,301,294.47
2026-04-08T11:06:57.611621,cloudflare.com,104.16.132.229,1.38,13.85,20.32,301,275.48
2026-04-08T11:07:08.231520,github.com,140.82.113.3,10.56,50.54,78.5,200,519.75
2026-04-08T11:07:28.825194,google.com,142.251.186.100,7.5,43.49,220.95,301,491.56
2026-04-08T11:07:39.426528,cloudflare.com,104.16.132.229,4.43,8.23,26.27,301,305.87
2026-04-08T11:07:50.029351,github.com,140.82.113.3,8.36,56.21,90.81,200,498.76
2026-04-08T11:08:10.423110,google.com,142.251.186.100,2.21,6.4,36.12,301,289.77
2026-04-08T11:08:20.896896,cloudflare.com,104.16.132.229,1.32,6.08,24.26,301,335.64
2026-04-08T11:08:31.607036,github.com,140.82.113.4,13.11,52.66,93.21,200,596.02
2026-04-08T11:08:52.294255,google.com,142.251.186.100,2.19,21.79,40.87,301,564.65
2026-04-08T11:09:02.790595,cloudflare.com,104.16.132.229,6.86,14.1,31.23,301,366.41
2026-04-08T11:09:13.416612,github.com,140.82.114.3,7.8,61.19,93.81,200,530.83
2026-04-08T11:09:33.905470,google.com,142.251.186.100,1.55,7.23,28.77,301,341.55
2026-04-08T11:09:44.333551,cloudflare.com,104.16.132.229,1.63,6.46,28.29,301,294.29
2026-04-08T11:09:54.958064,github.com,140.82.114.3,7.0,43.55,87.38,200,506.77
2026-04-08T11:10:15.454984,google.com,142.251.186.100,1.62,12.8,19.63,301,332.58
2026-04-08T11:10:25.850829,cloudflare.com,104.16.132.229,1.25,9.36,25.66,301,294.26
2026-04-08T11:10:36.697309,github.com,140.82.112.3,5.96,49.32,82.82,200,662.83
2026-04-08T11:10:57.074554,google.com,142.251.186.100,1.41,7.58,21.13,301,267.33
2026-04-08T11:11:07.545384,cloudflare.com,104.16.133.229,8.34,16.39,28.55,301,336.67
2026-04-08T11:11:18.206640,github.com,140.82.113.4,8.61,53.3,93.23,200,516.47
2026-04-08T11:11:38.851487,google.com,142.251.186.100,24.53,7.14,21.59,301,507.27
2026-04-08T11:11:49.259343,cloudflare.com,104.16.133.229,1.5,12.31,24.58,301,317.34
2026-04-08T11:12:00.359521,github.com,140.82.112.4,57.19,69.55,137.46,200,934.35
2026-04-08T11:12:20.854921,google.com,142.250.113.102,7.08,11.36,31.04,301,366.23
2026-04-08T11:12:31.245358,cloudflare.com,104.16.133.229,1.52,9.62,20.78,301,309.4
2026-04-08T11:12:41.870671,github.com,140.82.112.3,7.73,41.16,80.59,200,520.35
2026-04-08T11:13:02.320249,google.com,142.250.113.102,1.4,10.7,22.78,301,280.23
2026-04-08T11:13:12.741070,cloudflare.com,104.16.133.229,1.4,9.33,31.53,301,278.46
2026-04-08T11:13:23.478275,github.com,140.82.112.3,2.83,58.76,76.56,200,589.6
2026-04-08T11:13:44.167850,google.com,142.250.113.102,2.55,57.57,30.78,301,576.0
2026-04-08T11:13:54.610003,cloudflare.com,104.16.133.229,2.2,7.32,26.33,301,313.79
2026-04-08T11:14:05.292285,github.com,140.82.114.4,9.45,95.88,85.67,200,549.94
2026-04-08T11:14:25.659658,google.com,142.250.113.102,1.33,9.14,23.45,301,272.2
2026-04-08T11:14:36.401271,cloudflare.com,104.16.133.229,1.48,10.5,31.09,301,300.24
2026-04-08T11:14:47.004515,github.com,140.82.112.3,5.57,43.36,75.49,200,489.16
2026-04-08T11:15:07.368398,google.com,142.250.113.102,1.52,7.81,20.71,301,269.77
2026-04-08T11:15:17.765096,cloudflare.com,104.16.133.229,1.45,11.04,24.5,301,262.76
2026-04-08T11:15:28.416591,github.com,140.82.112.3,1.57,51.27,78.83,200,551.72
2026-04-08T11:15:48.778823,google.com,142.250.113.102,1.49,8.26,22.29,301,260.7
2026-04-08T11:15:59.783020,cloudflare.com,104.16.133.229,1.63,10.26,27.43,301,900.01
2026-04-08T11:16:10.378036,github.com,140.82.113.4,9.8,50.55,85.25,200,504.79
2026-04-08T11:16:30.787635,google.com,142.250.113.102,1.52,11.91,24.59,301,257.96
2026-04-08T11:16:41.247140,cloudflare.com,104.16.132.229,8.34,17.49,26.39,301,298.15
2026-04-08T11:16:51.924387,github.com,140.82.114.4,7.04,68.78,87.4,200,542.38
2026-04-08T11:17:12.378877,google.com,173.194.208.101,8.84,16.47,32.62,301,332.65
2026-04-08T11:17:22.822113,cloudflare.com,104.16.132.229,5.1,17.81,25.31,301,294.48
2026-04-08T11:17:33.462490,github.com,140.82.113.4,7.83,47.27,82.63,200,515.89
2026-04-08T11:17:53.900803,google.com,173.194.208.101,1.11,7.65,26.84,301,331.3
2026-04-08T11:18:04.283586,cloudflare.com,104.16.132.229,1.65,11.64,25.22,301,294.74
2026-04-08T11:18:14.859429,github.com,140.82.113.4,1.48,44.72,86.34,200,501.65
2026-04-08T11:18:35.228139,google.com,173.194.208.101,1.29,17.21,20.1,301,253.94
2026-04-08T11:18:45.645355,cloudflare.com,104.16.132.229,1.38,7.58,27.44,301,271.93
2026-04-08T11:18:56.266290,github.com,140.82.113.4,8.95,49.01,80.68,200,537.69
2026-04-08T11:19:16.678880,google.com,173.194.208.101,1.81,6.45,23.51,301,272.12
2026-04-08T11:19:27.084398,cloudflare.com,104.16.132.229,1.93,12.88,18.97,301,307.22
2026-04-08T11:19:37.648225,github.com,140.82.114.3,8.41,44.32,86.34,200,477.34
2026-04-08T11:19:58.026819,google.com,173.194.208.101,1.55,7.56,24.33,301,277.63
2026-04-08T11:20:08.413244,cloudflare.com,104.16.132.229,1.22,8.06,20.41,301,269.02
2026-04-08T11:20:19.033032,github.com,140.82.113.3,7.95,49.78,80.78,200,504.26
2026-04-08T11:20:39.447564,google.com,173.194.208.101,1.55,10.96,24.79,301,267.71
2026-04-08T11:20:49.836365,cloudflare.com,104.16.132.229,1.37,8.55,24.62,301,265.61
2026-04-08T11:21:00.424190,github.com,140.82.113.3,1.31,48.74,80.12,200,492.66
2026-04-08T11:21:20.816660,google.com,142.250.113.101,9.43,10.86,18.09,301,268.73
2026-04-08T11:21:31.244567,cloudflare.com,104.16.133.229,12.05,11.17,19.38,301,289.69
2026-04-08T11:21:41.817388,github.com,140.82.112.4,9.66,49.79,82.4,200,497.93
2026-04-08T11:22:02.207260,google.com,173.194.208.100,7.25,7.72,24.31,301,273.14
2026-04-08T11:22:12.543023,cloudflare.com,104.16.133.229,1.35,8.76,18.33,301,249.05
2026-04-08T11:22:23.243138,github.com,140.82.112.3,11.34,54.31,95.2,200,532.11
2026-04-08T11:22:43.620167,google.com,173.194.208.100,1.43,12.09,24.76,301,280.66
2026-04-08T11:22:54.044967,cloudflare.com,104.16.133.229,1.35,7.22,22.53,301,268.09
2026-04-08T11:23:04.631634,github.com,140.82.112.3,1.22,47.98,82.8,200,461.09
2026-04-08T11:23:25.063293,google.com,173.194.208.100,1.7,19.43,25.33,301,270.56
2026-04-08T11:23:35.452225,cloudflare.com,104.16.133.229,1.57,7.14,21.87,301,287.3
2026-04-08T11:23:46.053515,github.com,140.82.112.3,1.3,44.49,77.23,200,471.81
2026-04-08T11:24:06.521604,google.com,173.194.208.100,1.44,9.16,26.5,301,283.29
2026-04-08T11:24:16.883737,cloudflare.com,104.16.133.229,1.35,17.92,22.65,301,283.14
2026-04-08T11:24:27.504663,github.com,140.82.112.3,7.04,59.41,86.08,200,545.05
2026-04-08T11:24:47.968317,google.com,173.194.208.100,1.7,12.02,24.39,301,335.05
2026-04-08T11:24:58.303709,cloudflare.com,104.16.133.229,1.32,5.92,21.09,301,259.89
2026-04-08T11:25:08.935617,github.com,140.82.112.4,10.54,55.14,85.32,200,488.33
2026-04-08T11:25:29.301151,google.com,173.194.208.100,1.55,7.48,25.6,301,273.96
2026-04-08T11:25:39.675417,cloudflare.com,104.16.133.229,1.43,15.82,19.43,301,299.38
2026-04-08T11:25:50.239139,github.com,140.82.112.4,1.28,44.09,92.66,200,476.81
2026-04-08T11:26:10.667597,google.com,173.194.208.139,6.39,7.89,24.38,301,311.34
2026-04-08T11:26:21.092102,cloudflare.com,104.16.132.229,15.43,9.36,23.76,301,293.66
2026-04-08T11:26:31.713149,github.com,140.82.114.4,7.18,48.59,87.33,200,529.84
2026-04-08T11:26:52.087712,google.com,173.194.208.139,1.58,7.7,19.81,301,261.8
2026-04-08T11:27:02.523615,cloudflare.com,104.16.132.229,1.45,8.75,69.21,301,309.39
2026-04-08T11:27:13.099437,github.com,140.82.112.3,8.95,56.71,81.63,200,479.88
2026-04-08T11:27:33.549914,google.com,173.194.208.139,1.4,6.77,30.33,301,300.0
2026-04-08T11:27:43.922228,cloudflare.com,104.16.132.229,1.32,8.46,25.08,301,286.17
2026-04-08T11:27:54.548307,github.com,140.82.112.3,1.35,49.41,89.92,200,507.83
2026-04-08T11:28:14.946572,google.com,173.194.208.139,2.07,20.09,27.93,301,285.07
2026-04-08T11:28:25.734327,cloudflare.com,104.16.132.229,1.19,60.01,59.35,301,662.66
2026-04-08T11:28:36.601373,github.com,140.82.113.3,7.07,49.18,98.59,200,579.12
2026-04-08T11:28:57.065083,google.com,173.194.208.139,2.19,6.71,19.7,301,321.06
2026-04-08T11:29:07.422463,cloudflare.com,104.16.132.229,1.4,8.77,21.08,301,269.7
2026-04-08T11:29:17.989223,github.com,140.82.112.3,10.79,51.72,85.72,200,490.17
2026-04-08T11:29:38.414781,google.com,173.194.208.139,1.52,6.74,25.03,301,270.93
2026-04-08T11:29:48.812143,cloudflare.com,104.16.132.229,6.26,6.95,25.27,301,328.6
2026-04-08T11:29:59.387218,github.com,140.82.114.4,11.58,47.53,76.8,200,474.42
2026-04-08T11:30:19.755195,google.com,173.194.208.138,11.26,9.25,24.17,301,281.62
2026-04-08T11:30:30.227684,cloudflare.com,104.16.132.229,1.47,12.66,25.32,301,284.4
2026-04-08T11:30:40.837753,github.com,140.82.114.4,1.29,49.45,78.31,200,491.13
2026-04-08T11:31:01.220200,google.com,173.194.208.138,1.31,8.01,18.62,301,274.67
2026-04-08T11:31:11.566275,cloudflare.com,104.16.132.229,7.49,9.75,22.6,301,269.63
2026-04-08T11:31:22.127861,github.com,140.82.112.3,7.05,45.02,76.33,200,480.57
2026-04-08T11:31:42.561739,google.com,173.194.208.138,1.49,7.73,20.18,301,291.16
2026-04-08T11:31:52.919467,cloudflare.com,104.16.132.229,2.95,7.35,21.68,301,275.58
2026-04-08T11:32:03.546571,github.com,140.82.113.4,13.2,52.49,81.81,200,499.6
2026-04-08T11:32:23.955917,google.com,173.194.208.138,1.57,9.08,24.53,301,252.71
2026-04-08T11:32:34.357231,cloudflare.com,104.16.132.229,2.48,10.03,23.03,301,298.31
2026-04-08T11:32:45.000275,github.com,140.82.112.4,11.15,45.93,81.96,200,520.15
2026-04-08T11:33:05.517578,google.com,173.194.208.138,1.41,12.68,26.7,301,357.24
2026-04-08T11:33:16.048885,cloudflare.com,104.16.132.229,1.77,6.21,27.91,301,285.5
2026-04-08T11:33:26.752959,github.com,140.82.112.4,1.26,51.95,88.48,200,617.23
2026-04-08T11:33:47.782255,google.com,173.194.208.138,48.13,9.24,180.85,301,861.44
2026-04-08T11:33:58.481654,cloudflare.com,104.16.132.229,1.47,9.9,21.86,301,298.59
2026-04-08T11:34:09.155610,github.com,140.82.114.4,9.95,44.37,92.38,200,526.21
2026-04-08T11:34:29.677297,google.com,173.194.208.138,16.39,9.95,20.76,301,393.41
2026-04-08T11:34:40.184757,cloudflare.com,104.16.132.229,1.49,24.26,23.01,301,306.67
2026-04-08T11:34:50.751881,github.com,140.82.112.4,11.03,44.05,75.4,200,489.96
2026-04-08T11:35:11.212523,google.com,173.194.208.139,7.52,8.19,23.2,301,273.8
2026-04-08T11:35:21.655664,cloudflare.com,104.16.132.229,1.55,9.79,23.18,301,295.58
2026-04-08T11:35:32.350540,github.com,140.82.112.3,6.76,57.47,89.96,200,589.04
2026-04-08T11:35:52.741513,google.com,173.194.208.139,1.48,9.85,21.93,301,279.23
2026-04-08T11:36:03.199662,cloudflare.com,104.16.133.229,7.45,7.74,25.54,301,322.1
2026-04-08T11:36:13.882815,github.com,140.82.112.3,1.29,48.35,84.79,200,477.33
2026-04-08T11:36:34.342105,google.com,173.194.208.139,1.45,8.7,21.67,301,294.65
2026-04-08T11:36:44.747269,cloudflare.com,104.16.133.229,1.58,6.89,20.7,301,318.31
2026-04-08T11:36:55.325495,github.com,140.82.112.3,11.08,43.9,85.51,200,500.25
2026-04-08T11:37:15.733388,google.com,173.194.208.139,1.35,52.29,21.29,301,306.47
2026-04-08T11:37:26.103513,cloudflare.com,104.16.133.229,1.45,9.34,22.68,301,295.99
2026-04-08T11:37:36.751996,github.com,140.82.113.4,6.84,50.97,117.69,200,554.39
2026-04-08T11:37:57.126988,google.com,173.194.208.139,2.05,17.17,24.47,301,275.58
2026-04-08T11:38:07.491089,cloudflare.com,104.16.133.229,1.37,10.99,22.89,301,290.1
2026-04-08T11:38:18.112768,github.com,140.82.113.4,1.19,51.75,80.18,200,476.4
2026-04-08T11:38:38.578205,google.com,173.194.208.139,1.62,10.9,25.01,301,305.75
2026-04-08T11:38:48.960588,cloudflare.com,104.16.133.229,2.37,12.19,19.56,301,292.19
2026-04-08T11:38:59.581097,github.com,140.82.114.4,6.83,48.98,90.1,200,483.32
2026-04-08T11:39:19.961661,google.com,173.194.208.139,1.31,6.71,24.12,301,287.29
2026-04-08T11:39:30.450017,cloudflare.com,104.16.133.229,2.51,6.81,26.18,301,282.16
2026-04-08T11:39:41.101889,github.com,140.82.112.3,5.88,49.3,81.23,200,531.18
2026-04-08T11:40:01.582895,google.com,173.194.208.102,8.57,5.95,25.68,301,296.64
2026-04-08T11:40:12.004006,cloudflare.com,104.16.133.229,1.38,19.43,20.88,301,292.37
2026-04-08T11:40:22.615453,github.com,140.82.114.3,7.07,48.97,97.79,200,534.78
2026-04-08T11:40:43.219076,google.com,173.194.208.102,1.37,11.2,27.41,301,284.28
2026-04-08T11:40:53.790893,cloudflare.com,104.16.133.229,9.59,11.61,30.51,301,310.14
2026-04-08T11:41:04.413722,github.com,140.82.114.3,2.59,56.03,80.79,200,508.73
2026-04-08T11:41:25.039998,google.com,173.194.208.102,4.59,9.65,26.58,301,310.4
2026-04-08T11:41:35.427069,cloudflare.com,104.16.133.229,1.99,8.39,26.02,301,308.21
2026-04-08T11:41:46.546184,github.com,140.82.113.4,6.25,49.21,75.38,200,495.82
2026-04-08T11:42:06.931250,google.com,173.194.208.102,1.89,12.84,19.1,301,284.42
2026-04-08T11:42:17.337388,cloudflare.com,104.16.133.229,1.46,6.93,76.18,301,329.15
2026-04-08T11:42:27.923145,github.com,140.82.114.4,6.92,44.44,79.48,200,483.55
2026-04-08T11:42:48.299438,google.com,173.194.208.102,1.53,19.12,22.76,301,261.42
2026-04-08T11:42:58.761333,cloudflare.com,104.16.133.229,1.29,12.47,23.89,301,301.77
2026-04-08T11:43:09.386919,github.com,140.82.114.4,8.0,48.64,137.7,200,530.83
2026-04-08T11:43:29.833149,google.com,173.194.208.102,1.47,9.71,23.32,301,277.54
2026-04-08T11:43:40.260749,cloudflare.com,104.16.133.229,1.63,7.87,24.75,301,276.18
2026-04-08T11:43:50.865815,github.com,140.82.112.4,7.45,46.93,91.31,200,511.09
2026-04-08T11:44:11.424120,google.com,173.194.208.101,9.35,12.44,184.92,301,460.37
2026-04-08T11:44:21.892596,cloudflare.com,104.16.133.229,1.34,17.21,16.26,301,280.61
2026-04-08T11:44:32.601736,github.com,140.82.112.3,6.2,49.42,89.57,200,510.09
2026-04-08T11:44:53.022198,google.com,173.194.208.101,1.47,6.58,25.07,301,304.34
2026-04-08T11:45:04.522728,cloudflare.com,104.16.133.229,1.91,9.01,1001.37,301,1299.09
2026-04-08T11:45:16.546827,github.com,140.82.114.4,11.61,52.16,82.96,200,509.79
2026-04-08T11:45:37.337662,google.com,173.194.208.101,1.91,13.41,24.64,301,287.34
2026-04-08T11:45:48.433116,cloudflare.com,104.16.133.229,7.13,11.06,20.45,301,330.01
2026-04-08T11:45:59.055191,github.com,140.82.114.4,1.31,48.12,81.02,200,454.39
2026-04-08T11:46:19.432974,google.com,173.194.208.101,1.51,9.49,21.22,301,272.35
2026-04-08T11:46:29.909009,cloudflare.com,104.16.133.229,1.49,31.7,17.26,301,373.88
2026-04-08T11:46:40.767678,github.com,140.82.114.3,9.33,49.15,74.47,200,480.82
2026-04-08T11:47:01.319409,google.com,173.194.208.101,1.38,9.4,18.19,301,282.47
2026-04-08T11:47:11.837608,cloudflare.com,104.16.133.229,1.68,8.32,24.54,301,338.75
2026-04-08T11:47:22.588085,github.com,140.82.114.3,6.32,67.26,165.8,200,667.51
2026-04-08T11:47:43.039495,google.com,173.194.208.101,1.81,15.87,25.62,301,329.3
2026-04-08T11:47:53.508792,cloudflare.com,104.16.133.229,1.3,8.25,32.56,301,333.71
2026-04-08T11:48:04.219768,github.com,140.82.114.3,9.85,49.88,92.83,200,616.68
2026-04-08T11:48:24.844626,google.com,173.194.208.101,1.24,10.67,28.85,301,397.15
2026-04-08T11:48:35.291070,cloudflare.com,104.16.133.229,1.69,17.72,27.92,301,372.24
2026-04-08T11:48:46.031316,github.com,140.82.112.3,14.29,47.96,77.49,200,585.46
2026-04-08T11:49:06.426301,google.com,173.194.208.100,7.35,8.97,24.21,301,285.57
2026-04-08T11:49:16.913353,cloudflare.com,104.16.133.229,1.42,17.93,24.14,301,299.67
2026-04-08T11:49:27.520918,github.com,140.82.112.3,2.06,50.5,71.44,200,527.37
2026-04-08T11:49:48.130768,google.com,173.194.208.100,6.39,12.2,27.8,301,472.73
2026-04-08T11:49:58.737813,cloudflare.com,104.16.132.229,9.64,55.86,23.43,301,343.36
2026-04-08T11:50:09.336311,github.com,140.82.113.4,7.0,45.75,90.42,200,489.82
2026-04-08T11:50:29.780737,google.com,173.194.208.100,1.28,7.59,26.57,301,278.33
2026-04-08T11:50:40.131309,cloudflare.com,104.16.132.229,1.26,6.31,20.61,301,276.77
2026-04-08T11:50:50.848190,github.com,140.82.114.4,6.01,42.87,77.34,200,626.53
2026-04-08T11:51:11.240993,google.com,173.194.208.100,1.5,10.77,24.69,301,259.18
2026-04-08T11:51:21.649543,cloudflare.com,104.16.132.229,1.44,8.57,26.22,301,314.43
2026-04-08T11:51:32.291360,github.com,140.82.112.3,8.95,49.92,88.37,200,551.89
2026-04-08T11:51:52.665822,google.com,173.194.208.100,1.57,9.35,24.17,301,261.66
2026-04-08T11:52:03.144236,cloudflare.com,104.16.132.229,1.44,10.16,20.9,301,292.78
2026-04-08T11:52:13.765841,github.com,140.82.114.4,9.8,46.28,89.05,200,542.78
2026-04-08T11:52:34.291509,google.com,173.194.208.100,1.58,26.71,26.63,301,377.68
2026-04-08T11:52:44.738373,cloudflare.com,104.16.132.229,8.95,12.04,28.62,301,367.14
2026-04-08T11:52:55.375559,github.com,140.82.114.3,8.62,53.07,81.48,200,517.99
2026-04-08T11:53:15.739255,google.com,173.194.208.100,1.75,10.47,24.68,301,269.39
2026-04-08T11:53:26.153718,cloudflare.com,104.16.132.229,1.59,9.15,25.1,301,262.64
2026-04-08T11:53:36.745784,github.com,140.82.114.3,1.53,42.82,80.63,200,471.18
2026-04-08T11:53:57.120129,google.com,142.251.186.100,8.62,26.68,23.56,301,281.99
2026-04-08T11:54:07.536997,cloudflare.com,104.16.132.229,1.6,7.55,19.4,301,301.57
2026-04-08T11:54:18.151274,github.com,140.82.112.3,6.82,49.34,88.3,200,469.76
2026-04-08T11:54:38.578451,google.com,142.251.186.100,1.35,10.12,21.55,301,287.31
2026-04-08T11:54:49.024103,cloudflare.com,104.16.133.229,6.05,13.13,21.22,301,346.84
2026-04-08T11:54:59.636932,github.com,140.82.112.3,7.36,47.1,91.89,200,520.41
2026-04-08T11:55:20.071752,google.com,142.251.186.100,1.51,11.24,24.14,301,342.79
2026-04-08T11:55:30.463249,cloudflare.com,104.16.133.229,1.63,19.29,24.74,301,307.5
2026-04-08T11:55:41.096279,github.com,140.82.114.4,8.72,59.02,90.42,200,532.99
2026-04-08T11:56:01.557005,google.com,142.251.186.100,1.56,8.46,24.43,301,304.11
2026-04-08T11:56:11.963915,cloudflare.com,104.16.133.229,11.06,9.15,24.97,301,328.35
2026-04-08T11:56:22.535708,github.com,140.82.114.4,1.18,50.23,75.91,200,494.32
2026-04-08T11:56:42.875399,google.com,142.251.186.100,1.42,7.19,18.45,301,253.27
2026-04-08T11:56:53.305185,cloudflare.com,104.16.133.229,1.31,8.5,32.18,301,291.9
2026-04-08T11:57:03.984455,github.com,140.82.113.3,9.22,97.64,77.22,200,541.94
2026-04-08T11:57:24.468499,google.com,142.251.186.100,1.42,14.31,24.58,301,296.45
2026-04-08T11:57:34.861982,cloudflare.com,104.16.133.229,1.77,10.51,25.42,301,313.76
2026-04-08T11:57:45.491639,github.com,140.82.112.3,8.17,52.55,95.36,200,498.93
2026-04-08T11:58:05.866549,google.com,142.251.186.100,1.53,10.74,25.21,301,284.83
2026-04-08T11:58:16.247010,cloudflare.com,104.16.133.229,1.31,7.11,24.74,301,266.63
2026-04-08T11:58:26.833741,github.com,140.82.113.4,8.68,42.31,79.01,200,459.56
2026-04-08T11:58:47.299171,google.com,142.251.186.100,1.35,10.26,22.58,301,263.77
2026-04-08T11:58:57.641409,cloudflare.com,104.16.133.229,1.42,11.27,23.87,301,261.94
2026-04-08T11:59:08.208200,github.com,140.82.113.3,11.07,45.08,75.51,200,489.78
2026-04-08T11:59:28.764587,google.com,173.194.208.101,10.48,9.22,22.77,301,392.15
2026-04-08T11:59:39.247399,cloudflare.com,104.16.133.229,8.03,16.78,25.31,301,296.71
2026-04-08T11:59:49.904983,github.com,140.82.113.4,8.24,46.88,91.97,200,487.44
2026-04-08T12:00:10.331840,google.com,173.194.208.101,1.42,7.46,25.01,301,282.53
2026-04-08T12:00:20.733561,cloudflare.com,104.16.133.229,2.52,14.78,24.23,301,271.16
2026-04-08T12:00:31.354110,github.com,140.82.112.3,8.91,58.74,78.4,200,484.89
2026-04-08T12:00:51.789417,google.com,173.194.208.101,1.21,7.63,25.44,301,302.47
2026-04-08T12:01:02.210284,cloudflare.com,104.16.133.229,1.33,6.39,23.56,301,283.66
2026-04-08T12:01:12.760768,github.com,140.82.112.4,1.23,46.0,87.58,200,469.29
2026-04-08T12:01:33.129853,google.com,173.194.208.101,2.01,6.62,23.97,301,271.59
2026-04-08T12:01:43.582985,cloudflare.com,104.16.133.229,1.57,13.09,23.64,301,318.37
2026-04-08T12:01:54.196171,github.com,140.82.114.3,9.41,54.8,69.82,200,479.5
2026-04-08T12:02:14.579192,google.com,173.194.208.101,1.24,13.68,25.44,301,275.72
2026-04-08T12:02:24.965754,cloudflare.com,104.16.133.229,1.28,9.33,23.65,301,280.67
2026-04-08T12:02:35.583583,github.com,140.82.112.3,11.52,39.75,80.46,200,502.53
2026-04-08T12:02:56.118112,google.com,173.194.208.101,13.23,11.4,24.79,301,437.14
2026-04-08T12:03:06.490391,cloudflare.com,104.16.133.229,2.73,8.39,29.13,301,280.8
2026-04-08T12:03:17.033485,github.com,140.82.112.3,5.15,52.1,87.71,200,465.94
2026-04-08T12:03:37.477834,google.com,173.194.208.113,9.47,12.51,22.58,301,272.13
2026-04-08T12:03:47.863188,cloudflare.com,104.16.133.229,1.35,11.17,20.45,301,293.84
2026-04-08T12:03:58.463030,github.com,140.82.112.3,2.49,47.85,76.22,200,457.63
2026-04-08T12:04:18.880309,google.com,173.194.208.113,1.54,8.0,25.19,301,263.73
2026-04-08T12:04:29.341653,cloudflare.com,104.16.133.229,6.28,14.0,21.51,301,312.3
2026-04-08T12:04:39.949748,github.com,140.82.113.4,6.66,52.09,79.62,200,478.81
2026-04-08T12:05:00.342152,google.com,173.194.208.113,1.33,10.38,21.59,301,282.54
2026-04-08T12:05:10.698733,cloudflare.com,104.16.133.229,1.4,8.55,25.18,301,281.4
2026-04-08T12:05:21.269635,github.com,140.82.113.3,6.5,59.71,80.71,200,497.0
2026-04-08T12:05:41.691276,google.com,173.194.208.113,1.49,7.27,25.72,301,267.73
2026-04-08T12:05:52.065273,cloudflare.com,104.16.132.229,8.46,8.78,25.38,301,280.21
2026-04-08T12:06:02.641352,github.com,140.82.113.3,1.39,52.5,84.56,200,483.03
2026-04-08T12:06:23.080607,google.com,173.194.208.113,1.47,9.46,23.07,301,290.37
2026-04-08T12:06:33.454967,cloudflare.com,104.16.132.229,1.84,8.06,24.14,301,299.99
2026-04-08T12:06:44.100199,github.com,140.82.112.3,10.25,44.8,90.92,200,484.65
2026-04-08T12:07:04.482594,google.com,173.194.208.113,1.55,10.33,22.13,301,287.01
2026-04-08T12:07:14.833633,cloudflare.com,104.16.132.229,2.1,7.14,24.15,301,277.94
2026-04-08T12:07:25.412779,github.com,140.82.114.4,11.92,48.8,81.74,200,505.44
2026-04-08T12:07:45.807907,google.com,142.250.113.101,8.54,14.06,23.11,301,303.2
2026-04-08T12:07:56.219107,cloudflare.com,104.16.132.229,1.38,8.03,28.94,301,291.35
2026-04-08T12:08:06.847442,github.com,140.82.114.3,9.17,52.79,91.06,200,502.77
2026-04-08T12:08:27.269847,google.com,142.250.113.101,1.49,7.98,24.78,301,276.22
2026-04-08T12:08:37.693194,cloudflare.com,104.16.132.229,1.87,10.34,24.77,301,283.4
2026-04-08T12:08:48.322009,github.com,140.82.114.3,1.25,53.95,94.01,200,494.69
2026-04-08T12:09:08.708553,google.com,142.250.113.101,1.49,7.48,24.36,301,281.08
2026-04-08T12:09:19.124891,cloudflare.com,104.16.132.229,8.31,21.01,27.05,301,319.58
2026-04-08T12:09:29.732196,github.com,140.82.114.4,7.63,42.93,74.56,200,473.6
2026-04-08T12:09:50.151919,google.com,142.250.113.101,1.31,8.16,20.25,301,267.33
2026-04-08T12:10:00.612760,cloudflare.com,104.16.132.229,1.64,26.93,21.67,301,333.13
2026-04-08T12:10:11.214959,github.com,140.82.113.4,5.52,48.94,80.37,200,481.33
2026-04-08T12:10:31.629023,google.com,142.250.113.101,1.37,11.12,21.96,301,273.74
2026-04-08T12:10:42.022264,cloudflare.com,104.16.132.229,1.29,8.45,25.08,301,259.11
2026-04-08T12:10:52.635836,github.com,140.82.113.4,1.09,58.62,83.73,200,503.0
2026-04-08T12:11:13.090652,google.com,142.250.113.101,1.54,8.64,27.25,301,331.58
2026-04-08T12:11:23.535912,cloudflare.com,104.16.132.229,9.32,6.17,27.21,301,300.6
2026-04-08T12:11:34.215147,github.com,140.82.114.4,10.18,52.21,83.66,200,488.97
2026-04-08T12:11:54.622225,google.com,142.250.113.101,1.4,19.47,24.26,301,283.83
2026-04-08T12:12:04.974743,cloudflare.com,104.16.132.229,1.34,12.31,19.89,301,279.63
2026-04-08T12:12:15.600695,github.com,140.82.113.4,11.81,52.9,82.16,200,507.67
2026-04-08T12:12:35.980875,google.com,173.194.208.138,9.98,9.49,20.16,301,277.3
2026-04-08T12:12:46.420411,cloudflare.com,104.16.132.229,1.48,8.75,22.13,301,302.62
2026-04-08T12:12:57.028034,github.com,140.82.112.3,6.81,51.44,97.14,200,511.19
2026-04-08T12:13:17.430622,google.com,173.194.208.138,1.72,8.3,23.05,301,269.78
2026-04-08T12:13:27.860592,cloudflare.com,104.16.132.229,1.47,8.45,28.18,301,303.88
2026-04-08T12:13:38.471935,github.com,140.82.112.3,2.91,46.57,79.98,200,521.36
2026-04-08T12:13:58.884553,google.com,173.194.208.138,1.59,10.91,26.92,301,270.24
2026-04-08T12:14:09.284799,cloudflare.com,104.16.133.229,12.35,9.27,23.35,301,297.4
2026-04-08T12:14:20.024885,github.com,140.82.113.3,7.51,58.89,80.55,200,504.69
2026-04-08T12:14:40.438410,google.com,173.194.208.138,2.7,10.95,23.2,301,280.51
2026-04-08T12:14:50.811548,cloudflare.com,104.16.133.229,1.39,8.46,22.45,301,285.53
2026-04-08T12:15:01.409431,github.com,140.82.113.3,7.48,48.55,85.02,200,497.3
2026-04-08T12:15:21.800334,google.com,173.194.208.138,1.15,7.66,20.04,301,256.92
2026-04-08T12:15:32.158573,cloudflare.com,104.16.133.229,1.29,17.8,22.91,301,282.92
2026-04-08T12:15:42.765345,github.com,140.82.113.3,1.28,43.29,71.47,200,470.28
2026-04-08T12:16:03.182556,google.com,173.194.208.138,2.8,11.93,28.68,301,275.58
2026-04-08T12:16:13.587602,cloudflare.com,104.16.133.229,1.45,8.07,25.85,301,283.33
2026-04-08T12:16:24.168791,github.com,140.82.114.3,6.12,53.48,80.51,200,491.05
2026-04-08T12:16:44.572374,google.com,173.194.208.138,1.68,17.27,25.5,301,306.14
2026-04-08T12:16:55.020499,cloudflare.com,104.16.133.229,1.29,8.37,24.91,301,312.59
2026-04-08T12:17:05.671868,github.com,140.82.112.4,6.72,57.27,88.72,200,549.66
2026-04-08T12:17:26.083112,google.com,173.194.208.113,6.77,12.56,19.64,301,277.04
2026-04-08T12:17:36.435430,cloudflare.com,104.16.133.229,1.95,7.28,19.84,301,272.19
2026-04-08T12:17:47.023676,github.com,140.82.114.3,7.61,51.81,81.98,200,510.91
2026-04-08T12:18:07.417132,google.com,173.194.208.113,1.81,9.08,19.73,301,261.41
2026-04-08T12:18:17.813327,cloudflare.com,104.16.133.229,1.33,8.53,19.63,301,259.2
2026-04-08T12:18:28.383687,github.com,140.82.114.3,1.37,49.54,85.99,200,479.71
2026-04-08T12:18:48.812247,google.com,173.194.208.113,1.34,11.63,24.46,301,282.38
2026-04-08T12:18:59.234234,cloudflare.com,104.16.133.229,1.46,10.28,24.39,301,303.71
2026-04-08T12:19:09.817673,github.com,140.82.113.3,7.51,49.42,80.35,200,497.69
2026-04-08T12:19:30.252237,google.com,173.194.208.113,1.63,8.9,24.01,301,295.56
2026-04-08T12:19:40.695094,cloudflare.com,104.16.133.229,9.42,11.32,24.05,301,336.12
2026-04-08T12:19:51.249138,github.com,140.82.114.4,7.46,44.41,78.06,200,479.65
2026-04-08T12:20:11.692553,google.com,173.194.208.113,1.38,7.7,26.29,301,342.4
2026-04-08T12:20:22.096864,cloudflare.com,104.16.133.229,1.41,17.51,25.55,301,292.57
2026-04-08T12:20:32.731140,github.com,140.82.114.4,1.41,46.11,91.58,200,501.32
2026-04-08T12:20:53.113160,google.com,173.194.208.113,1.59,9.35,23.51,301,249.97
2026-04-08T12:21:03.475634,cloudflare.com,104.16.133.229,1.47,9.32,23.31,301,272.64
2026-04-08T12:21:14.024127,github.com,140.82.112.4,5.38,46.07,78.26,200,459.64
2026-04-08T12:21:34.453826,google.com,142.250.113.113,7.1,7.08,21.66,301,268.25
2026-04-08T12:21:44.844268,cloudflare.com,104.16.133.229,2.43,8.11,19.7,301,272.21
2026-04-08T12:21:55.430368,github.com,140.82.112.4,8.83,53.18,80.53,200,493.28
2026-04-08T12:22:15.803667,google.com,173.194.208.113,10.12,12.33,20.24,301,277.26
2026-04-08T12:22:26.207950,cloudflare.com,104.16.133.229,1.63,7.18,25.56,301,274.82
2026-04-08T12:22:36.779207,github.com,140.82.114.4,9.97,49.8,74.25,200,490.24
2026-04-08T12:22:57.119955,google.com,173.194.208.113,1.45,6.93,21.28,301,250.88
2026-04-08T12:23:07.487253,cloudflare.com,104.16.132.229,10.98,11.96,27.41,301,278.57
2026-04-08T12:23:18.165382,github.com,140.82.114.4,2.24,72.32,87.48,200,561.45
2026-04-08T12:23:38.635551,google.com,173.194.208.113,6.31,13.83,25.3,301,322.06
2026-04-08T12:23:49.022307,cloudflare.com,104.16.132.229,1.3,10.23,31.18,301,314.57
2026-04-08T12:23:59.651691,github.com,140.82.112.4,5.81,47.76,86.06,200,514.73
2026-04-08T12:24:20.017339,google.com,173.194.208.113,1.53,7.77,20.38,301,272.66
2026-04-08T12:24:30.404907,cloudflare.com,104.16.133.229,8.65,5.97,18.55,301,316.86
2026-04-08T12:24:40.980016,github.com,140.82.112.4,5.43,45.93,76.63,200,467.22
2026-04-08T12:25:01.347333,google.com,173.194.208.113,1.49,8.44,23.43,301,259.1
2026-04-08T12:25:11.726210,cloudflare.com,104.16.133.229,1.48,8.09,18.61,301,256.5
2026-04-08T12:25:22.398414,github.com,140.82.112.4,9.6,47.98,81.13,200,522.31
2026-04-08T12:25:42.783291,google.com,173.194.208.113,1.42,7.71,25.53,301,265.26
2026-04-08T12:25:53.144298,cloudflare.com,104.16.133.229,1.38,14.21,22.86,301,268.82
2026-04-08T12:26:03.778914,github.com,140.82.112.4,1.94,57.86,85.81,200,521.02
2026-04-08T12:26:24.167690,google.com,173.194.208.138,14.64,8.1,19.31,301,280.43
2026-04-08T12:26:34.543809,cloudflare.com,104.16.133.229,1.85,7.57,21.96,301,258.56
2026-04-08T12:26:45.179926,github.com,140.82.113.3,5.7,43.84,80.35,200,452.81
2026-04-08T12:27:05.535842,google.com,173.194.208.138,1.63,19.33,24.1,301,267.37
2026-04-08T12:27:15.945607,cloudflare.com,104.16.133.229,1.51,8.85,16.15,301,284.0
2026-04-08T12:27:26.554715,github.com,140.82.114.3,9.64,44.04,76.58,200,463.51
2026-04-08T12:27:46.942208,google.com,173.194.208.138,1.89,11.49,21.02,301,266.24
2026-04-08T12:27:57.285552,cloudflare.com,104.16.133.229,1.45,9.53,37.7,301,265.8
2026-04-08T12:28:07.883699,github.com,140.82.114.4,8.19,48.9,88.48,200,515.05
2026-04-08T12:28:28.249712,google.com,173.194.208.138,1.45,18.26,28.71,301,270.17
2026-04-08T12:28:38.648918,cloudflare.com,104.16.133.229,1.73,13.27,19.84,301,317.43
2026-04-08T12:28:49.207303,github.com,140.82.114.4,1.3,42.63,71.2,200,461.44
2026-04-08T12:29:09.634801,google.com,173.194.208.138,1.36,10.88,26.26,301,273.32
2026-04-08T12:29:20.072682,cloudflare.com,104.16.133.229,7.8,7.45,28.06,301,310.2
2026-04-08T12:29:30.638278,github.com,140.82.114.4,11.43,43.37,74.81,200,481.06
2026-04-08T12:29:51.015010,google.com,173.194.208.138,1.59,8.53,23.65,301,279.68
2026-04-08T12:30:01.440356,cloudflare.com,104.16.133.229,1.94,10.52,25.99,301,291.39
2026-04-08T12:30:12.001101,github.com,140.82.114.4,13.54,49.06,82.85,200,486.86
2026-04-08T12:30:32.378813,google.com,173.194.208.102,9.85,8.58,23.94,301,274.9
2026-04-08T12:30:42.863232,cloudflare.com,104.16.133.229,1.42,14.32,24.26,301,413.71
2026-04-08T12:30:53.524851,github.com,140.82.114.4,2.86,50.48,87.1,200,588.05
2026-04-08T12:31:14.033578,google.com,173.194.208.102,1.35,7.12,22.34,301,398.65
2026-04-08T12:31:24.388914,cloudflare.com,104.16.133.229,2.47,9.66,22.41,301,268.11
2026-04-08T12:31:34.952827,github.com,140.82.114.4,5.69,51.71,79.99,200,476.82
2026-04-08T12:31:55.370743,google.com,173.194.208.102,1.4,18.53,29.85,301,289.55
2026-04-08T12:32:05.859847,cloudflare.com,104.16.133.229,1.32,11.56,34.96,301,304.39
2026-04-08T12:32:16.462070,github.com,140.82.114.4,10.32,45.71,74.71,200,481.64
2026-04-08T12:32:36.845554,google.com,173.194.208.102,1.45,7.89,25.28,301,285.76
2026-04-08T12:32:47.252774,cloudflare.com,104.16.133.229,2.35,8.89,25.0,301,277.01
2026-04-08T12:32:57.869437,github.com,140.82.114.4,9.96,53.19,76.09,200,501.32
2026-04-08T12:33:18.250473,google.com,173.194.208.102,1.44,11.23,24.22,301,286.77
2026-04-08T12:33:28.644351,cloudflare.com,104.16.133.229,1.54,8.49,24.74,301,280.46
2026-04-08T12:33:39.208152,github.com,140.82.113.3,13.28,52.22,75.9,200,495.03
2026-04-08T12:33:59.640091,google.com,173.194.208.102,1.47,11.0,74.34,301,325.4
2026-04-08T12:34:09.999960,cloudflare.com,104.16.132.229,8.03,10.21,22.3,301,280.67
2026-04-08T12:34:20.554270,github.com,140.82.113.4,8.53,45.72,80.82,200,473.25
2026-04-08T12:34:40.924608,google.com,173.194.208.102,1.41,10.32,24.24,301,269.5
2026-04-08T12:34:51.270575,cloudflare.com,104.16.132.229,1.32,7.65,22.05,301,261.67
2026-04-08T12:35:01.906968,github.com,140.82.113.3,7.36,49.59,76.58,200,483.37
2026-04-08T12:35:22.338046,google.com,173.194.208.100,8.56,10.73,22.09,301,285.74
2026-04-08T12:35:32.764818,cloudflare.com,104.16.132.229,3.98,12.53,25.5,301,276.8
2026-04-08T12:35:43.322846,github.com,140.82.113.3,1.24,49.44,78.53,200,460.96
2026-04-08T12:36:03.707212,google.com,173.194.208.100,1.4,13.75,22.76,301,281.29
2026-04-08T12:36:14.062846,cloudflare.com,104.16.132.229,1.4,7.14,26.55,301,268.19
2026-04-08T12:36:24.640724,github.com,140.82.114.3,9.64,53.1,81.58,200,502.46
2026-04-08T12:36:45.023806,google.com,173.194.208.100,1.37,19.18,22.58,301,277.66
2026-04-08T12:36:55.425729,cloudflare.com,104.16.132.229,1.4,9.3,29.57,301,266.62
2026-04-08T12:37:06.074294,github.com,140.82.113.3,9.17,52.83,81.42,200,479.72
2026-04-08T12:37:26.472659,google.com,173.194.208.100,1.45,7.72,19.91,301,253.56
2026-04-08T12:37:37.373013,cloudflare.com,104.16.132.229,25.29,74.8,101.94,301,776.3
2026-04-08T12:37:49.589088,github.com,140.82.114.4,11.84,72.48,104.19,200,812.42
2026-04-08T12:38:10.389070,google.com,173.194.208.100,1.86,7.72,21.44,301,254.71
2026-04-08T12:38:20.840958,cloudflare.com,104.16.132.229,1.46,6.49,23.89,301,285.67
2026-04-08T12:38:31.453332,github.com,140.82.112.3,11.73,42.54,77.53,200,474.88
2026-04-08T12:38:51.865434,google.com,173.194.208.100,1.54,9.71,20.05,301,263.16
2026-04-08T12:39:02.223702,cloudflare.com,104.16.132.229,9.76,7.81,23.87,301,284.64
2026-04-08T12:39:12.792446,github.com,140.82.114.4,8.13,50.32,76.43,200,490.03
2026-04-08T12:39:33.183079,google.com,173.194.208.100,2.69,7.89,22.99,301,258.48
2026-04-08T12:39:43.640178,cloudflare.com,104.16.132.229,1.34,7.02,78.8,301,378.33
2026-04-08T12:39:54.261391,github.com,140.82.114.4,11.12,52.49,82.04,200,508.34
2026-04-08T12:40:14.648395,google.com,173.194.208.101,11.47,7.84,20.89,301,274.81
2026-04-08T12:40:25.056127,cloudflare.com,104.16.132.229,2.06,13.9,24.0,301,289.85
2026-04-08T12:40:35.772430,github.com,140.82.114.3,8.75,49.46,93.5,200,491.66
2026-04-08T12:40:56.148659,google.com,173.194.208.101,1.35,17.34,24.02,301,275.55
2026-04-08T12:41:06.567641,cloudflare.com,104.16.132.229,1.48,11.41,21.95,301,292.0
2026-04-08T12:41:17.123154,github.com,140.82.114.3,1.48,42.92,77.44,200,478.05
2026-04-08T12:41:37.492446,google.com,173.194.208.101,8.51,13.24,20.57,301,267.3
2026-04-08T12:41:47.894700,cloudflare.com,104.16.132.229,1.49,7.94,26.46,301,287.29
2026-04-08T12:41:58.537734,github.com,140.82.114.4,7.92,53.38,82.08,200,506.59
2026-04-08T12:42:18.971666,google.com,173.194.208.101,1.47,7.76,26.94,301,300.1
2026-04-08T12:42:29.387923,cloudflare.com,104.16.132.229,1.74,11.21,26.31,301,294.6
2026-04-08T12:42:39.972027,github.com,140.82.114.4,11.18,54.52,84.63,200,508.75
2026-04-08T12:43:00.380927,google.com,173.194.208.101,1.5,10.69,22.74,301,263.69
2026-04-08T12:43:10.853358,cloudflare.com,104.16.133.229,10.0,12.48,23.25,301,311.55
2026-04-08T12:43:21.465223,github.com,140.82.112.4,8.37,52.08,75.66,200,490.64
2026-04-08T12:43:41.879484,google.com,173.194.208.101,1.39,7.52,19.51,301,261.39
2026-04-08T12:43:52.255109,cloudflare.com,104.16.133.229,1.54,10.38,25.02,301,279.91
2026-04-08T12:44:02.848436,github.com,140.82.112.4,1.2,43.25,80.92,200,461.67
2026-04-08T12:44:23.280397,google.com,173.194.208.101,1.47,10.28,22.62,301,278.71
2026-04-08T12:44:33.680604,cloudflare.com,104.16.133.229,1.42,7.76,19.37,301,276.58
2026-04-08T12:44:44.241563,github.com,140.82.112.4,9.07,49.64,80.7,200,476.07
2026-04-08T12:45:04.646008,google.com,173.194.208.113,6.98,12.22,20.05,301,271.37
2026-04-08T12:45:15.015506,cloudflare.com,104.16.133.229,1.47,23.51,25.16,301,299.33
2026-04-08T12:45:25.563209,github.com,140.82.114.3,8.68,46.23,81.71,200,470.46
2026-04-08T12:45:45.976823,google.com,173.194.208.113,1.74,14.57,22.94,301,268.25
2026-04-08T12:45:56.359051,cloudflare.com,104.16.133.229,1.43,11.9,19.46,301,261.38
2026-04-08T12:46:06.917002,github.com,140.82.114.3,1.35,49.28,80.61,200,482.03
2026-04-08T12:46:27.278504,google.com,173.194.208.113,1.38,11.96,19.4,301,251.73
2026-04-08T12:46:37.732298,cloudflare.com,104.16.133.229,1.34,11.08,21.87,301,320.52
2026-04-08T12:46:48.337743,github.com,140.82.112.3,8.61,53.42,80.0,200,477.02
2026-04-08T12:47:08.714427,google.com,173.194.208.113,1.52,8.0,18.37,301,252.81
2026-04-08T12:47:19.071313,cloudflare.com,104.16.133.229,1.47,7.47,23.36,301,283.26
2026-04-08T12:47:29.670586,github.com,140.82.112.4,8.44,53.91,75.89,200,523.09
2026-04-08T12:47:50.092146,google.com,173.194.208.113,1.5,13.89,21.94,301,278.32
2026-04-08T12:48:00.506194,cloudflare.com,104.16.133.229,8.19,8.18,26.97,301,299.6
2026-04-08T12:48:11.105554,github.com,140.82.114.3,5.45,53.27,83.98,200,502.55
2026-04-08T12:48:31.506892,google.com,173.194.208.113,1.69,7.28,24.63,301,293.65
2026-04-08T12:48:41.947264,cloudflare.com,104.16.133.229,1.47,8.3,24.24,301,303.54
2026-04-08T12:48:52.574083,github.com,140.82.114.3,1.43,46.75,80.59,200,455.94
2026-04-08T12:49:12.966750,google.com,173.194.208.102,10.77,9.54,23.16,301,286.55
2026-04-08T12:49:23.301746,cloudflare.com,104.16.133.229,1.43,8.4,23.5,301,259.46
2026-04-08T12:49:33.899844,github.com,140.82.112.4,11.92,41.95,75.73,200,485.5
2026-04-08T12:49:54.250542,google.com,173.194.208.102,1.5,7.29,20.56,301,256.46
2026-04-08T12:50:04.651022,cloudflare.com,104.16.133.229,1.38,7.04,21.03,301,283.63
2026-04-08T12:50:15.253027,github.com,140.82.112.4,8.75,47.58,80.88,200,480.51
2026-04-08T12:50:35.621755,google.com,173.194.208.102,1.39,6.04,25.81,301,262.34
2026-04-08T12:50:46.024372,cloudflare.com,104.16.133.229,1.45,7.63,22.17,301,282.69
2026-04-08T12:50:56.628613,github.com,140.82.112.4,2.44,43.44,80.92,200,469.19
2026-04-08T12:51:17.002991,google.com,173.194.208.102,1.56,7.67,26.88,301,266.33
2026-04-08T12:51:27.408804,cloudflare.com,104.16.133.229,1.41,17.54,24.75,301,283.76
2026-04-08T12:51:37.980271,github.com,140.82.114.4,7.66,44.39,73.97,200,465.78
2026-04-08T12:51:58.469233,google.com,173.194.208.102,1.39,17.29,20.99,301,298.63
2026-04-08T12:52:08.878317,cloudflare.com,104.16.133.229,2.98,9.78,21.08,301,274.88
2026-04-08T12:52:19.429432,github.com,140.82.113.3,11.83,51.73,70.72,200,474.52
2026-04-08T12:52:39.801286,google.com,173.194.208.102,1.59,7.53,21.15,301,259.24
2026-04-08T12:52:50.235018,cloudflare.com,104.16.133.229,10.61,7.67,25.19,301,316.84
2026-04-08T12:53:00.800520,github.com,140.82.113.3,7.79,44.71,74.69,200,488.33
2026-04-08T12:53:21.155074,google.com,173.194.208.102,1.95,8.95,21.05,301,256.14
2026-04-08T12:53:31.494141,cloudflare.com,104.16.133.229,2.33,11.14,21.4,301,262.12
2026-04-08T12:53:42.042332,github.com,140.82.113.3,1.47,44.85,75.67,200,468.31
2026-04-08T12:54:02.468541,google.com,173.194.208.101,9.64,8.0,25.43,301,287.57
2026-04-08T12:54:12.862485,cloudflare.com,104.16.133.229,1.52,20.95,23.51,301,281.66
2026-04-08T12:54:23.412096,github.com,140.82.113.4,6.87,43.6,85.29,200,461.88
2026-04-08T12:54:43.780664,google.com,173.194.208.101,2.33,8.36,25.39,301,266.94
2026-04-08T12:54:54.174909,cloudflare.com,104.16.133.229,1.42,18.97,18.46,301,287.65
2026-04-08T12:55:04.824461,github.com,140.82.114.3,6.1,49.25,106.85,200,522.87
2026-04-08T12:55:25.246781,google.com,173.194.208.101,1.44,16.66,22.11,301,274.36
2026-04-08T12:55:35.645095,cloudflare.com,104.16.133.229,1.67,10.95,23.29,301,286.35
2026-04-08T12:55:46.207632,github.com,140.82.114.3,1.44,49.15,82.22,200,470.25
2026-04-08T12:56:06.631688,google.com,173.194.208.101,1.54,17.14,25.4,301,279.33
2026-04-08T12:56:16.984240,cloudflare.com,104.16.133.229,1.35,6.39,24.78,301,263.36
2026-04-08T12:56:27.571706,github.com,140.82.112.3,11.19,54.03,87.36,200,512.11
2026-04-08T12:56:48.004282,google.com,173.194.208.101,12.11,19.37,26.46,301,282.5
2026-04-08T12:56:58.371205,cloudflare.com,104.16.133.229,1.43,8.96,25.58,301,289.51
2026-04-08T12:57:08.968801,github.com,140.82.113.3,9.27,53.19,80.26,200,481.42
2026-04-08T12:57:29.359592,google.com,173.194.208.101,1.47,8.63,27.05,301,261.84
2026-04-08T12:57:39.824276,cloudflare.com,104.16.133.229,1.55,17.27,19.61,301,300.45
2026-04-08T12:57:50.448315,github.com,140.82.114.4,9.83,45.83,85.25,200,488.09
2026-04-08T12:58:10.851885,google.com,173.194.208.101,2.45,9.94,23.52,301,276.46
2026-04-08T12:58:21.285427,cloudflare.com,104.16.133.229,11.66,12.37,22.47,301,308.92
2026-04-08T12:58:31.871566,github.com,140.82.113.3,10.39,50.63,80.56,200,506.77
2026-04-08T12:58:52.300790,google.com,173.194.208.101,6.59,9.55,31.03,301,292.72
2026-04-08T12:59:02.660978,cloudflare.com,104.16.133.229,1.33,12.07,19.52,301,290.17
2026-04-08T12:59:13.216990,github.com,140.82.114.3,7.11,53.03,81.79,200,479.9
2026-04-08T12:59:33.604691,google.com,173.194.208.101,1.38,11.47,26.35,301,278.41
2026-04-08T12:59:43.991808,cloudflare.com,104.16.132.229,24.66,14.18,23.46,301,310.4
2026-04-08T12:59:54.530367,github.com,140.82.114.3,12.17,43.06,74.75,200,466.31
2026-04-08T13:00:14.923499,google.com,173.194.208.101,1.38,17.95,21.81,301,296.12
2026-04-08T13:00:25.331163,cloudflare.com,104.16.132.229,2.43,7.42,28.13,301,281.99
2026-04-08T13:00:35.938462,github.com,140.82.113.3,10.06,49.57,82.48,200,485.0
2026-04-08T13:00:56.285061,google.com,173.194.208.101,1.35,7.09,18.94,301,260.11
2026-04-08T13:01:06.651251,cloudflare.com,104.16.132.229,1.43,8.29,24.26,301,288.37
2026-04-08T13:01:17.228758,github.com,140.82.113.3,3.14,49.81,73.85,200,499.73
2026-04-08T13:01:37.641493,google.com,173.194.208.101,1.5,9.76,20.64,301,275.27
2026-04-08T13:01:48.055788,cloudflare.com,104.16.132.229,1.22,13.22,27.89,301,287.21
2026-04-08T13:01:58.705201,github.com,140.82.114.3,1.29,52.31,108.3,200,517.87
2026-04-08T13:02:19.100632,google.com,173.194.208.101,1.59,6.2,23.06,301,270.54
2026-04-08T13:02:29.507625,cloudflare.com,104.16.132.229,10.11,9.84,20.02,301,276.21
2026-04-08T13:02:40.108192,github.com,140.82.113.4,11.15,47.15,80.12,200,464.19
2026-04-08T13:03:00.535746,google.com,142.251.186.101,6.24,13.39,25.23,301,290.39
2026-04-08T13:03:10.880991,cloudflare.com,104.16.132.229,1.56,6.27,27.13,301,268.85
2026-04-08T13:03:21.447070,github.com,140.82.114.4,8.76,48.02,71.77,200,471.18
2026-04-08T13:03:41.899189,google.com,173.194.208.101,8.28,10.68,30.44,301,285.15
2026-04-08T13:03:52.270947,cloudflare.com,104.16.132.229,1.74,10.6,28.86,301,269.11
2026-04-08T13:04:02.897603,github.com,140.82.114.4,10.21,60.05,78.95,200,504.07
2026-04-08T13:04:23.268136,google.com,173.194.208.101,1.64,12.25,20.11,301,274.74
2026-04-08T13:04:33.628139,cloudflare.com,104.16.132.229,1.4,9.17,19.99,301,281.82
2026-04-08T13:04:44.201778,github.com,140.82.113.4,10.56,49.16,80.42,200,496.32
2026-04-08T13:05:04.575299,google.com,173.194.208.101,1.53,13.03,22.02,301,276.44
2026-04-08T13:05:15.008776,cloudflare.com,104.16.132.229,1.34,22.42,20.06,301,297.64
2026-04-08T13:05:25.575802,github.com,140.82.112.3,8.75,49.7,82.57,200,484.88
2026-04-08T13:05:45.960698,google.com,173.194.208.101,1.79,10.54,25.67,301,286.21
2026-04-08T13:05:56.315963,cloudflare.com,104.16.132.229,1.3,11.19,19.92,301,280.91
2026-04-08T13:06:06.939666,github.com,140.82.112.3,8.56,54.26,84.34,200,488.2
2026-04-08T13:06:27.320139,google.com,142.250.114.100,9.81,9.32,31.42,301,286.85
2026-04-08T13:06:37.683608,cloudflare.com,104.16.132.229,1.46,9.52,18.91,301,284.2
2026-04-08T13:06:48.652497,github.com,140.82.114.4,31.4,81.46,99.18,200,836.74
2026-04-08T13:07:08.992071,google.com,142.250.114.100,3.58,7.45,24.54,301,253.17
2026-04-08T13:07:19.356570,cloudflare.com,104.16.132.229,1.38,8.81,21.49,301,281.37
2026-04-08T13:07:29.911550,github.com,140.82.112.4,9.41,40.22,84.45,200,473.43
2026-04-08T13:07:50.304758,google.com,142.250.114.100,1.45,8.57,21.59,301,277.25
2026-04-08T13:08:00.664798,cloudflare.com,104.16.133.229,7.5,7.22,20.8,301,277.76
2026-04-08T13:08:11.262348,github.com,140.82.112.3,8.6,48.68,80.5,200,481.35
2026-04-08T13:08:31.631640,google.com,173.194.208.138,11.73,6.85,23.33,301,281.55
2026-04-08T13:08:42.015646,cloudflare.com,104.16.133.229,1.49,7.51,25.04,301,259.55
2026-04-08T13:08:52.623825,github.com,140.82.113.3,8.61,55.22,82.96,200,489.81
2026-04-08T13:09:12.999997,google.com,173.194.208.138,1.5,9.12,24.99,301,262.01
2026-04-08T13:09:23.363027,cloudflare.com,104.16.133.229,1.32,11.07,26.57,301,277.51
2026-04-08T13:09:33.973194,github.com,140.82.113.3,6.09,42.44,82.67,200,488.81
2026-04-08T13:09:54.400065,google.com,173.194.208.138,1.5,7.81,22.14,301,281.67
2026-04-08T13:10:04.825279,cloudflare.com,104.16.133.229,1.46,17.42,24.6,301,289.73
2026-04-08T13:10:15.376410,github.com,140.82.113.4,11.14,44.13,80.61,200,478.86
2026-04-08T13:10:35.763041,google.com,173.194.208.138,1.46,18.7,21.57,301,290.17
2026-04-08T13:10:46.127417,cloudflare.com,104.16.133.229,1.44,10.17,24.24,301,277.23
2026-04-08T13:10:56.745015,github.com,140.82.113.4,1.35,50.58,84.49,200,501.08
2026-04-08T13:11:17.131439,google.com,173.194.208.138,2.1,8.52,24.06,301,274.61
2026-04-08T13:11:27.493900,cloudflare.com,104.16.133.229,3.19,8.47,22.13,301,280.19
2026-04-08T13:11:38.048799,github.com,140.82.114.4,9.92,42.62,80.6,200,475.95
2026-04-08T13:11:58.427863,google.com,173.194.208.100,15.04,6.83,25.53,301,274.39
2026-04-08T13:12:08.842290,cloudflare.com,104.16.133.229,11.14,7.33,19.7,301,292.59
2026-04-08T13:12:19.398386,github.com,140.82.114.3,10.55,48.32,81.31,200,469.4
2026-04-08T13:12:39.805218,google.com,173.194.208.100,7.62,10.19,20.82,301,302.09
2026-04-08T13:12:50.164990,cloudflare.com,104.16.132.229,10.62,7.1,25.97,301,285.46
2026-04-08T13:13:00.752513,github.com,140.82.114.4,9.53,51.5,76.47,200,473.18
2026-04-08T13:13:21.128590,google.com,173.194.208.100,1.7,9.4,20.89,301,263.67
2026-04-08T13:13:31.546204,cloudflare.com,104.16.132.229,1.77,8.78,28.2,301,281.09
2026-04-08T13:13:42.173471,github.com,140.82.112.3,8.65,52.52,86.43,200,493.21
2026-04-08T13:14:02.538288,google.com,173.194.208.100,1.44,11.03,21.42,301,263.6
2026-04-08T13:14:12.954883,cloudflare.com,104.16.132.229,1.63,5.74,23.47,301,274.72
2026-04-08T13:14:23.580297,github.com,140.82.112.4,10.98,48.84,85.43,200,497.49
2026-04-08T13:14:44.026419,google.com,173.194.208.100,1.9,18.04,23.37,301,288.89
2026-04-08T13:14:54.411849,cloudflare.com,104.16.132.229,1.4,8.63,24.22,301,300.44
2026-04-08T13:15:05.000263,github.com,140.82.114.3,7.77,52.93,80.4,200,475.63
2026-04-08T13:15:25.381295,google.com,173.194.208.100,1.75,17.74,25.14,301,287.77
2026-04-08T13:15:35.778554,cloudflare.com,104.16.132.229,1.4,29.09,24.41,301,319.35
2026-04-08T13:15:46.362344,github.com,140.82.114.3,8.77,53.81,83.07,200,506.57
2026-04-08T13:16:06.743769,google.com,173.194.208.100,1.48,14.07,21.96,301,281.03
2026-04-08T13:16:17.103309,cloudflare.com,104.16.132.229,2.6,8.44,24.13,301,283.77
2026-04-08T13:16:27.709800,github.com,140.82.114.3,1.33,56.01,84.0,200,475.59
2026-04-08T13:16:48.683957,google.com,173.194.208.102,9.18,7.73,24.1,301,306.52
2026-04-08T13:16:59.141718,cloudflare.com,104.16.132.229,1.48,8.77,24.77,301,288.33
2026-04-08T13:17:09.713604,github.com,140.82.113.3,5.77,42.92,73.31,200,462.62
2026-04-08T13:17:30.099522,google.com,173.194.208.102,1.61,6.06,21.28,301,283.71
2026-04-08T13:17:40.553681,cloudflare.com,104.16.132.229,10.16,12.66,26.31,301,275.17
2026-04-08T13:17:51.189730,github.com,140.82.114.4,8.68,48.18,80.32,200,497.54
2026-04-08T13:18:11.607854,google.com,173.194.208.102,3.5,10.09,26.44,301,279.9
2026-04-08T13:18:22.022872,cloudflare.com,104.16.132.229,1.34,10.82,25.09,301,281.78
2026-04-08T13:18:32.577512,github.com,140.82.113.3,14.5,43.56,77.68,200,482.56
2026-04-08T13:18:52.948168,google.com,173.194.208.102,1.43,9.96,22.53,301,273.85
2026-04-08T13:19:03.293785,cloudflare.com,104.16.132.229,1.8,9.1,28.4,301,270.27
2026-04-08T13:19:13.903912,github.com,140.82.114.3,8.06,41.55,86.68,200,483.44
2026-04-08T13:19:34.255721,google.com,173.194.208.102,1.36,7.56,25.3,301,263.94
2026-04-08T13:19:44.614025,cloudflare.com,104.16.132.229,1.36,9.91,24.32,301,281.36
2026-04-08T13:19:55.244561,github.com,140.82.113.4,7.38,45.0,83.02,200,482.78
2026-04-08T13:20:15.659060,google.com,173.194.208.102,1.94,18.35,24.57,301,286.15
2026-04-08T13:20:26.030947,cloudflare.com,104.16.132.229,1.45,14.38,26.37,301,288.46
2026-04-08T13:20:36.598258,github.com,140.82.112.3,8.97,49.06,71.59,200,487.87
2026-04-08T13:20:57.023537,google.com,173.194.208.102,2.22,8.5,25.09,301,291.58
2026-04-08T13:21:07.431047,cloudflare.com,104.16.132.229,1.45,11.29,22.01,301,292.41
2026-04-08T13:21:18.019143,github.com,140.82.112.3,9.93,45.72,76.93,200,466.81
2026-04-08T13:21:38.412313,google.com,173.194.208.113,10.36,10.51,22.35,301,276.51
2026-04-08T13:21:48.799436,cloudflare.com,104.16.132.229,1.4,9.59,32.54,301,286.22
2026-04-08T13:21:59.425724,github.com,140.82.112.3,1.59,43.78,78.87,200,481.22
2026-04-08T13:22:19.845840,google.com,173.194.208.113,1.57,7.25,20.95,301,257.61
2026-04-08T13:22:30.256515,cloudflare.com,104.16.133.229,7.17,7.27,20.35,301,295.26
2026-04-08T13:22:40.839935,github.com,140.82.113.4,12.09,43.47,75.66,200,481.4
2026-04-08T13:23:01.256609,google.com,173.194.208.113,1.78,12.23,20.17,301,258.52
2026-04-08T13:23:11.643060,cloudflare.com,104.16.133.229,1.25,6.53,30.03,301,274.82
2026-04-08T13:23:22.720851,github.com,140.82.112.3,8.3,51.27,80.29,200,482.53
2026-04-08T13:23:43.088125,google.com,173.194.208.113,1.47,11.96,21.12,301,279.33
2026-04-08T13:23:53.882703,cloudflare.com,104.16.133.229,1.89,7.51,22.71,301,280.97
2026-04-08T13:24:04.460811,github.com,140.82.112.3,1.34,46.7,74.7,200,461.23
2026-04-08T13:24:25.342827,google.com,173.194.208.113,1.49,21.25,23.93,301,282.2
2026-04-08T13:24:35.740640,cloudflare.com,104.16.133.229,3.3,13.95,20.76,301,278.19
2026-04-08T13:24:46.306286,github.com,140.82.113.3,6.47,54.83,74.26,200,483.49
2026-04-08T13:25:07.119072,google.com,173.194.208.113,1.42,10.36,20.53,301,280.77
2026-04-08T13:25:17.483684,cloudflare.com,104.16.133.229,2.36,7.4,21.88,301,286.18
2026-04-08T13:25:28.553395,github.com,140.82.113.4,9.22,51.79,82.51,200,478.46
2026-04-08T13:25:48.981573,google.com,142.250.114.101,8.73,63.89,26.57,301,343.21
2026-04-08T13:25:59.839064,cloudflare.com,104.16.133.229,6.3,7.44,26.36,301,275.24
2026-04-08T13:26:10.410448,github.com,140.82.112.4,9.69,50.08,76.75,200,446.9
2026-04-08T13:26:30.828000,google.com,142.250.114.138,8.95,7.47,20.26,301,274.68
2026-04-08T13:26:41.697752,cloudflare.com,104.16.133.229,7.44,12.88,22.98,301,277.92
2026-04-08T13:26:52.300054,github.com,140.82.112.4,1.22,53.3,80.91,200,481.88
2026-04-08T13:27:13.196018,google.com,142.250.114.138,9.14,7.05,18.56,301,253.79
2026-04-08T13:27:23.577618,cloudflare.com,104.16.132.229,9.81,10.06,29.26,301,300.98
2026-04-08T13:27:34.118790,github.com,140.82.112.3,7.95,46.68,74.2,200,465.57
2026-04-08T13:27:55.006708,google.com,142.250.114.138,1.64,11.86,24.86,301,296.15
2026-04-08T13:28:05.384788,cloudflare.com,104.16.132.229,1.43,8.76,23.28,301,281.13
2026-04-08T13:28:16.512360,github.com,140.82.112.4,9.32,48.9,80.82,200,481.97
2026-04-08T13:28:36.898976,google.com,142.250.114.138,2.08,11.13,22.35,301,254.14
2026-04-08T13:28:47.822816,cloudflare.com,104.16.132.229,1.54,7.5,24.81,301,309.03
2026-04-08T13:28:58.354786,github.com,140.82.112.4,1.28,46.37,75.17,200,451.6
2026-04-08T13:29:19.282088,google.com,142.250.114.138,1.88,12.56,21.56,301,266.53
2026-04-08T13:29:29.631063,cloudflare.com,104.16.132.229,1.46,16.9,25.07,301,272.12
2026-04-08T13:29:40.218625,github.com,140.82.113.3,6.71,42.68,79.56,200,465.31
2026-04-08T13:30:01.136345,google.com,142.250.114.138,1.78,7.34,23.25,301,273.48
2026-04-08T13:30:11.540328,cloudflare.com,104.16.132.229,1.89,8.5,19.12,301,273.28
2026-04-08T13:30:22.574566,github.com,140.82.113.3,7.97,42.78,77.16,200,470.16
2026-04-08T13:30:42.964412,google.com,142.250.114.138,1.64,9.41,24.04,301,263.68
2026-04-08T13:30:53.345194,cloudflare.com,104.16.132.229,10.06,7.44,27.82,301,286.2
2026-04-08T13:31:04.386257,github.com,140.82.114.4,9.76,43.73,78.0,200,477.85
2026-04-08T13:31:24.757004,google.com,173.194.208.100,5.27,11.05,23.91,301,269.22
2026-04-08T13:31:35.601269,cloudflare.com,104.16.132.229,5.77,11.73,26.99,301,283.35
2026-04-08T13:31:46.292863,github.com,140.82.112.3,11.59,53.35,79.49,200,471.65
2026-04-08T13:32:07.123505,google.com,173.194.208.100,1.33,8.88,21.21,301,260.08
2026-04-08T13:32:17.522602,cloudflare.com,104.16.132.229,1.52,22.83,23.37,301,303.97
2026-04-08T13:32:28.088895,github.com,140.82.112.3,1.32,48.67,81.86,200,472.75
2026-04-08T13:32:48.961449,google.com,173.194.208.100,1.64,8.86,22.51,301,258.19
2026-04-08T13:32:59.275720,cloudflare.com,104.16.132.229,1.31,8.11,21.47,301,245.51
2026-04-08T13:33:10.332484,github.com,140.82.113.4,7.55,52.5,78.43,200,491.63
2026-04-08T13:33:30.724166,google.com,173.194.208.100,1.56,7.62,19.96,301,265.6
2026-04-08T13:33:41.629582,cloudflare.com,104.16.132.229,1.34,7.69,24.13,301,309.9
2026-04-08T13:33:52.192675,github.com,140.82.113.4,12.36,44.76,71.66,200,465.81
2026-04-08T13:34:13.117293,google.com,173.194.208.100,1.3,12.88,30.41,301,282.17
2026-04-08T13:34:23.484597,cloudflare.com,104.16.132.229,3.83,13.2,23.57,301,284.21
2026-04-08T13:34:33.999629,github.com,140.82.113.4,1.31,41.58,72.06,200,435.71
2026-04-08T13:34:54.853068,google.com,173.194.208.101,16.35,9.55,21.88,301,270.09
2026-04-08T13:35:05.221124,cloudflare.com,104.16.132.229,1.31,11.19,24.54,301,281.64
2026-04-08T13:35:16.295734,github.com,140.82.114.4,11.28,51.77,83.43,200,502.19
2026-04-08T13:35:36.906564,google.com,173.194.208.101,1.5,10.54,20.58,301,465.79
2026-04-08T13:35:47.348414,cloudflare.com,104.16.132.229,1.26,6.57,25.86,301,300.71
2026-04-08T13:35:58.407052,github.com,140.82.113.3,8.61,52.91,81.2,200,485.69
2026-04-08T13:36:18.779156,google.com,173.194.208.101,2.87,8.46,24.34,301,268.89
2026-04-08T13:36:29.641166,cloudflare.com,104.16.133.229,11.55,16.74,25.23,301,296.25
2026-04-08T13:36:40.188930,github.com,140.82.114.4,7.92,43.6,78.12,200,463.68
2026-04-08T13:37:01.127067,google.com,173.194.208.101,1.28,10.06,22.06,301,249.85
2026-04-08T13:37:11.529435,cloudflare.com,104.16.133.229,1.47,9.19,24.16,301,284.53
2026-04-08T13:37:22.059819,github.com,140.82.114.4,1.34,45.59,75.09,200,453.1
2026-04-08T13:37:42.950980,google.com,173.194.208.101,1.41,11.02,19.14,301,255.67
2026-04-08T13:37:53.377253,cloudflare.com,104.16.133.229,1.28,7.39,23.75,301,266.27
2026-04-08T13:38:04.430643,github.com,140.82.113.4,9.94,46.92,78.85,200,481.24
2026-04-08T13:38:24.975119,google.com,173.194.208.101,1.43,14.07,21.57,301,267.76
2026-04-08T13:38:35.842213,cloudflare.com,104.16.133.229,1.44,8.37,26.28,301,265.32
2026-04-08T13:38:46.443932,github.com,140.82.113.3,11.82,42.01,78.25,200,464.39
2026-04-08T13:39:07.400749,google.com,173.194.208.101,3.92,9.47,19.19,301,288.62
2026-04-08T13:39:17.790838,cloudflare.com,104.16.133.229,1.44,7.42,20.19,301,287.72
2026-04-08T13:39:28.375736,github.com,140.82.112.3,11.2,43.57,74.3,200,499.44
2026-04-08T13:39:49.287406,google.com,173.194.208.102,10.41,7.77,22.5,301,270.0
2026-04-08T13:39:59.729337,cloudflare.com,104.16.133.229,1.48,17.0,25.19,301,317.32
2026-04-08T13:40:10.849475,github.com,140.82.112.3,1.42,51.6,81.99,200,489.7
2026-04-08T13:40:31.196229,google.com,173.194.208.100,9.04,7.48,21.02,301,252.57
2026-04-08T13:40:41.538236,cloudflare.com,104.16.133.229,1.39,9.72,21.49,301,266.29
2026-04-08T13:40:52.670373,github.com,140.82.113.3,9.12,55.02,83.3,200,489.45
2026-04-08T13:41:13.043515,google.com,173.194.208.100,2.0,9.48,25.37,301,267.6
2026-04-08T13:41:23.951706,cloudflare.com,104.16.132.229,7.84,6.83,19.45,301,280.01
2026-04-08T13:41:34.539841,github.com,140.82.113.3,8.79,43.62,73.75,200,457.47
2026-04-08T13:41:55.433431,google.com,173.194.208.100,1.6,7.8,20.7,301,249.64
2026-04-08T13:42:05.848996,cloudflare.com,104.16.132.229,1.34,7.41,19.35,301,300.3
2026-04-08T13:42:16.405994,github.com,140.82.114.4,10.52,48.41,83.37,200,486.54
2026-04-08T13:42:37.296102,google.com,173.194.208.100,4.22,11.96,24.25,301,267.42
2026-04-08T13:42:47.679113,cloudflare.com,104.16.132.229,2.61,10.79,23.5,301,306.55
2026-04-08T13:42:58.789557,github.com,140.82.112.3,8.76,43.26,73.34,200,469.86
2026-04-08T13:43:19.171300,google.com,173.194.208.100,1.47,12.96,26.77,301,258.29
2026-04-08T13:43:30.103412,cloudflare.com,104.16.132.229,1.29,11.4,23.25,301,269.15
2026-04-08T13:43:40.699577,github.com,140.82.114.4,6.48,49.46,75.11,200,475.39
2026-04-08T13:44:01.110389,google.com,173.194.208.100,1.6,8.63,25.96,301,307.74
2026-04-08T13:44:11.475572,cloudflare.com,104.16.132.229,1.33,6.98,22.74,301,264.85
2026-04-08T13:44:22.770230,github.com,140.82.113.3,9.55,48.17,73.59,200,476.5
2026-04-08T13:44:43.202628,google.com,173.194.208.113,8.49,11.89,22.62,301,281.26
2026-04-08T13:44:54.087270,cloudflare.com,104.16.133.229,9.75,18.04,20.87,301,293.05
2026-04-08T13:45:04.701102,github.com,140.82.114.4,9.61,49.62,79.88,200,502.07
2026-04-08T13:45:25.578753,google.com,173.194.208.113,1.37,13.9,22.46,301,272.67
2026-04-08T13:45:36.003892,cloudflare.com,104.16.133.229,1.34,18.45,19.05,301,279.55
2026-04-08T13:45:46.596377,github.com,140.82.113.3,10.46,53.98,80.97,200,479.54
2026-04-08T13:46:07.531832,google.com,173.194.208.113,1.47,12.08,19.66,301,257.91
2026-04-08T13:46:17.882759,cloudflare.com,104.16.133.229,10.15,9.94,26.45,301,279.45
2026-04-08T13:46:29.030738,github.com,140.82.113.3,11.81,48.19,71.01,200,455.36
2026-04-08T13:46:49.420675,google.com,173.194.208.113,1.82,8.66,29.17,301,265.26
2026-04-08T13:47:00.386615,cloudflare.com,104.16.133.229,1.67,10.42,25.34,301,289.86
2026-04-08T13:47:11.130208,github.com,140.82.113.4,9.35,191.73,73.97,200,611.96
2026-04-08T13:47:31.517238,google.com,173.194.208.113,1.51,10.41,24.43,301,285.62
2026-04-08T13:47:42.614751,cloudflare.com,104.16.133.229,1.61,7.54,19.68,301,288.1
2026-04-08T13:47:53.156881,github.com,140.82.113.4,1.29,42.39,70.76,200,460.79
2026-04-08T13:48:14.131374,google.com,173.194.208.113,2.07,13.94,22.62,301,278.02
2026-04-08T13:48:24.477538,cloudflare.com,104.16.133.229,1.89,13.05,22.38,301,258.61
2026-04-08T13:48:35.081649,github.com,140.82.112.4,9.25,48.43,80.76,200,481.53
2026-04-08T13:48:56.233991,google.com,173.194.208.113,3.99,7.34,21.51,301,303.18
2026-04-08T13:49:06.544123,cloudflare.com,104.16.133.229,1.4,7.0,16.29,301,237.33
2026-04-08T13:49:17.120851,github.com,140.82.113.3,9.94,48.17,79.13,200,478.55
2026-04-08T13:49:37.879404,google.com,173.194.208.139,9.38,7.8,23.88,301,268.0
2026-04-08T13:49:48.316384,cloudflare.com,104.16.133.229,1.57,19.71,22.44,301,298.04
2026-04-08T13:49:59.391238,github.com,140.82.113.4,6.01,46.16,79.79,200,452.03
2026-04-08T13:50:19.764941,google.com,173.194.208.139,1.5,7.49,21.9,301,275.97
2026-04-08T13:50:30.156740,cloudflare.com,104.16.133.229,1.44,7.4,20.74,301,297.57
2026-04-08T13:50:41.257428,github.com,140.82.114.4,10.79,51.17,81.43,200,476.8
2026-04-08T13:51:01.677220,google.com,173.194.208.139,1.45,11.81,22.72,301,277.7
2026-04-08T13:51:12.569920,cloudflare.com,104.16.133.229,7.95,8.33,23.61,301,280.52
2026-04-08T13:51:23.158711,github.com,140.82.114.4,1.26,42.25,80.12,200,469.35
2026-04-08T13:51:44.070724,google.com,173.194.208.139,1.54,18.74,30.1,301,294.08
2026-04-08T13:51:54.426912,cloudflare.com,104.16.133.229,1.45,19.96,21.92,301,271.64
2026-04-08T13:52:05.064718,github.com,140.82.113.3,11.39,60.32,82.83,200,551.84
2026-04-08T13:52:25.934881,google.com,173.194.208.139,1.44,6.24,21.79,301,281.48
2026-04-08T13:52:36.303452,cloudflare.com,104.16.133.229,1.38,7.96,26.98,301,262.03
2026-04-08T13:52:47.421995,github.com,140.82.112.4,8.43,47.44,77.81,200,516.31
2026-04-08T15:23:15.680406,google.com,173.194.208.138,28.32,16.58,54.27,301,425.29
2026-04-08T15:23:26.168489,cloudflare.com,104.16.132.229,7.47,19.38,22.65,301,374.1
2026-04-08T15:23:36.831035,github.com,140.82.114.3,8.23,54.92,165.87,200,568.46
2026-04-08T15:23:58.078315,google.com,173.194.208.138,1.21,10.53,19.88,301,234.93
2026-04-08T15:24:08.485655,cloudflare.com,104.16.133.229,21.49,12.36,54.63,301,336.5
2026-04-08T15:24:19.678962,github.com,140.82.114.4,8.76,51.77,104.65,200,505.24
2026-04-08T15:24:41.001155,google.com,173.194.208.138,1.4,13.81,25.94,301,306.8
2026-04-08T15:24:51.603404,cloudflare.com,104.16.133.229,1.11,8.06,24.27,301,271.82
2026-04-08T15:25:03.102720,github.com,140.82.114.4,1.37,44.71,81.38,200,503.53
2026-04-08T15:25:24.255998,google.com,173.194.208.138,29.12,41.97,70.95,301,853.13
2026-04-08T15:25:36.091989,cloudflare.com,104.16.133.229,1.3,6.3,19.4,301,245.61
2026-04-08T15:25:46.683021,github.com,140.82.113.4,8.54,47.66,86.78,200,483.75
2026-04-08T15:26:08.034764,google.com,173.194.208.138,1.4,6.06,20.87,301,249.53
2026-04-08T15:26:18.366583,cloudflare.com,104.16.133.229,2.05,8.81,25.52,301,257.54
2026-04-08T15:26:28.903571,github.com,140.82.113.4,1.2,48.42,85.72,200,466.16
2026-04-08T15:26:50.157399,google.com,173.194.208.138,1.31,7.21,19.42,301,233.71
2026-04-08T15:27:00.527639,cloudflare.com,104.16.133.229,1.61,11.52,24.05,301,260.88
2026-04-08T15:27:12.127907,github.com,140.82.114.3,5.47,48.67,82.89,200,538.49
2026-04-08T15:27:32.494626,google.com,173.194.208.138,1.5,10.89,24.12,301,261.19
2026-04-08T15:27:43.756007,cloudflare.com,104.16.133.229,1.45,18.33,26.61,301,286.32
2026-04-08T15:27:54.322573,github.com,140.82.114.4,8.07,43.47,83.19,200,479.76
2026-04-08T15:28:14.842347,google.com,172.217.72.101,6.69,59.43,23.54,301,320.45
2026-04-08T15:28:25.283313,cloudflare.com,104.16.133.229,8.3,5.81,21.16,301,252.18
2026-04-08T15:28:36.641060,github.com,140.82.114.4,1.12,45.13,71.74,200,439.41
2026-04-08T15:28:56.982853,google.com,172.217.72.101,7.02,7.68,23.17,301,255.22
2026-04-08T15:29:07.979188,cloudflare.com,104.16.133.229,1.35,6.98,21.41,301,270.68
2026-04-08T15:29:18.572350,github.com,140.82.114.3,7.77,56.6,80.26,200,480.87
2026-04-08T15:29:39.704846,google.com,172.217.72.101,16.6,28.88,28.57,301,340.01
2026-04-08T15:29:50.129472,cloudflare.com,104.16.133.229,1.41,6.99,15.55,301,254.49
2026-04-08T15:30:00.723805,github.com,140.82.113.3,5.88,52.56,89.57,200,478.84
2026-04-08T15:30:21.761787,google.com,173.194.208.138,9.83,12.36,19.58,301,266.16
2026-04-08T15:30:32.176273,cloudflare.com,104.16.133.229,1.73,9.87,20.43,301,297.42
2026-04-08T15:30:43.408032,github.com,140.82.112.3,24.5,48.3,81.65,200,532.79
2026-04-08T15:31:03.774538,google.com,173.194.208.138,1.36,9.12,19.15,301,282.25
2026-04-08T15:31:14.820015,cloudflare.com,104.16.133.229,1.37,8.83,25.72,301,262.68
2026-04-08T15:31:25.352449,github.com,140.82.112.3,1.02,45.11,76.63,200,446.14
2026-04-08T15:31:46.402353,google.com,173.194.208.138,1.41,7.58,24.87,301,260.71
2026-04-08T15:31:56.743604,cloudflare.com,104.16.133.229,1.39,15.39,21.55,301,263.7
2026-04-08T15:32:07.377838,github.com,140.82.114.3,8.87,54.52,82.28,200,513.79
2026-04-08T15:32:27.705423,google.com,142.250.114.138,8.02,7.68,21.85,301,242.93
2026-04-08T15:32:38.046020,cloudflare.com,104.16.133.229,1.36,16.27,23.04,301,271.46
2026-04-08T15:32:48.668709,github.com,140.82.113.4,10.64,52.04,99.56,200,544.53
2026-04-08T15:33:09.684930,google.com,142.250.114.138,1.29,8.66,22.57,301,255.51
2026-04-08T15:33:20.024275,cloudflare.com,104.16.133.229,5.74,9.03,22.82,301,260.91
2026-04-08T15:33:31.323596,github.com,140.82.113.3,10.02,52.68,83.92,200,519.03
2026-04-08T15:33:51.745754,google.com,142.250.114.138,1.18,9.21,24.57,301,283.08
2026-04-08T15:34:02.082406,cloudflare.com,104.16.133.229,1.27,7.06,20.33,301,263.59
2026-04-08T15:34:13.352124,github.com,140.82.113.3,1.25,55.87,88.74,200,491.29
2026-04-08T15:34:33.708509,google.com,142.250.114.138,1.42,17.34,25.01,301,267.46
2026-04-08T15:34:44.127375,cloudflare.com,104.16.133.229,1.49,9.31,26.32,301,294.37
2026-04-08T15:34:55.288019,github.com,140.82.112.3,8.29,52.84,82.71,200,523.91
2026-04-08T15:35:15.738035,google.com,142.250.114.102,9.52,11.46,27.05,301,295.0
2026-04-08T15:35:26.761891,cloudflare.com,104.16.133.229,1.4,7.62,28.46,301,270.6
2026-04-08T15:35:37.314144,github.com,140.82.114.3,7.57,44.76,79.81,200,464.38
2026-04-08T15:35:58.623748,google.com,142.250.114.102,2.23,45.78,71.03,301,623.52
2026-04-08T15:36:09.096761,cloudflare.com,104.16.133.229,1.32,9.16,26.49,301,292.17
2026-04-08T15:36:19.681810,github.com,140.82.112.4,9.63,46.68,91.07,200,500.57
2026-04-08T15:36:40.632381,google.com,142.250.114.102,2.04,7.38,23.9,301,257.97
2026-04-08T15:36:50.995127,cloudflare.com,104.16.133.229,1.27,12.99,21.57,301,285.89
2026-04-08T15:37:02.224890,github.com,140.82.112.4,1.28,51.34,75.74,200,472.87
2026-04-08T15:37:22.598599,google.com,142.250.113.100,6.5,12.22,24.7,301,281.44
2026-04-08T15:37:33.734367,cloudflare.com,104.16.133.229,1.37,18.55,23.09,301,285.2
2026-04-08T15:37:44.288332,github.com,140.82.114.4,7.02,51.71,84.76,200,487.33
2026-04-08T15:38:05.270937,google.com,142.250.113.100,1.62,9.19,20.6,301,255.14
2026-04-08T15:38:15.635225,cloudflare.com,104.16.132.229,7.2,7.46,21.64,301,280.09
2026-04-08T15:38:26.252116,github.com,140.82.112.3,7.63,47.72,83.22,200,493.3
2026-04-08T15:38:47.343847,google.com,142.250.113.100,1.39,12.39,21.83,301,299.39
2026-04-08T15:38:57.708593,cloudflare.com,104.16.133.229,8.36,6.9,23.51,301,293.09
2026-04-08T15:39:08.944943,github.com,140.82.112.3,7.06,57.12,77.65,200,496.47
2026-04-08T15:39:29.378544,google.com,142.250.113.100,1.32,17.69,25.11,301,263.8
2026-04-08T15:39:39.719024,cloudflare.com,104.16.133.229,1.43,10.64,20.42,301,270.95
2026-04-08T15:39:50.964255,github.com,140.82.112.3,1.2,52.45,87.66,200,493.19
2026-04-08T15:40:11.831918,google.com,142.250.113.100,1.39,7.42,23.33,301,263.33
2026-04-08T15:40:22.913397,cloudflare.com,104.16.133.229,1.33,8.22,22.24,301,317.77
2026-04-08T15:40:33.518926,github.com,140.82.112.4,11.37,47.87,85.16,200,474.27
2026-04-08T15:40:54.615008,google.com,142.250.113.100,2.0,11.54,24.59,301,281.17
2026-04-08T15:41:05.048720,cloudflare.com,104.16.133.229,2.13,6.42,22.14,301,295.5
2026-04-08T15:41:15.628395,github.com,140.82.112.4,8.44,47.65,80.44,200,496.35
2026-04-08T15:41:36.774862,google.com,142.250.113.100,1.31,8.44,25.02,301,297.44
2026-04-08T15:41:47.136509,cloudflare.com,104.16.133.229,1.39,7.2,15.55,301,255.19
2026-04-08T15:41:58.649614,github.com,140.82.114.4,7.87,52.6,93.32,200,513.45
2026-04-08T15:42:19.106412,google.com,142.250.113.139,12.52,10.86,24.5,301,264.35
2026-04-08T15:42:30.238689,cloudflare.com,104.16.133.229,1.3,9.24,22.43,301,261.03
2026-04-08T15:42:40.850698,github.com,140.82.112.4,6.97,60.22,91.01,200,497.3
2026-04-08T15:43:02.001204,google.com,142.250.113.139,1.41,7.23,21.16,301,269.93
2026-04-08T15:43:12.423335,cloudflare.com,104.16.133.229,1.5,18.32,20.65,301,297.41
2026-04-08T15:43:23.110477,github.com,140.82.112.3,22.34,46.89,84.09,200,551.23
2026-04-08T15:43:44.234107,google.com,142.250.113.139,1.26,8.81,23.29,301,244.82
2026-04-08T15:43:54.583777,cloudflare.com,104.16.132.229,10.1,8.3,21.57,301,274.58
2026-04-08T15:44:06.229946,github.com,140.82.113.4,16.48,48.54,79.21,200,500.15
2026-04-08T15:44:26.637188,google.com,142.250.113.139,1.45,19.7,19.36,301,264.44
2026-04-08T15:44:37.012885,cloudflare.com,104.16.132.229,1.35,6.62,19.44,301,254.17
2026-04-08T15:44:48.390965,github.com,140.82.112.3,6.54,55.05,81.37,200,488.02
2026-04-08T15:45:08.824314,google.com,142.250.113.139,1.6,14.68,23.93,301,288.1
2026-04-08T15:45:20.144988,cloudflare.com,104.16.132.229,1.31,11.45,29.86,301,301.29
2026-04-08T15:45:30.693091,github.com,140.82.112.3,1.1,53.05,87.33,200,481.69
2026-04-08T15:45:51.948520,google.com,142.250.113.139,1.32,10.6,30.78,301,254.03
2026-04-08T15:46:02.296856,cloudflare.com,104.16.132.229,1.33,10.7,24.01,301,276.22
2026-04-08T15:46:12.877399,github.com,140.82.114.3,7.84,44.99,80.28,200,469.63
2026-04-08T15:46:34.167971,google.com,173.194.208.102,6.92,9.06,22.27,301,264.05
2026-04-08T15:46:44.513714,cloudflare.com,104.16.132.229,1.26,8.6,22.29,301,276.69
2026-04-08T15:46:56.098491,github.com,140.82.113.3,9.55,63.65,83.68,200,531.35
2026-04-08T15:47:16.623569,google.com,173.194.208.102,7.91,11.47,21.11,301,336.93
2026-04-08T15:47:27.957854,cloudflare.com,104.16.132.229,1.52,10.15,25.11,301,276.12
2026-04-08T15:47:38.522423,github.com,140.82.114.4,8.17,47.98,82.63,200,482.28
2026-04-08T15:47:59.885867,google.com,173.194.208.102,1.43,7.56,21.71,301,262.84
2026-04-08T15:48:10.260000,cloudflare.com,104.16.132.229,1.17,12.45,18.36,301,258.75
2026-04-08T15:48:20.853626,github.com,140.82.113.3,10.05,52.94,79.87,200,487.45
2026-04-08T15:48:42.222378,google.com,173.194.208.102,1.22,11.72,27.69,301,241.71
2026-04-08T15:48:52.576047,cloudflare.com,104.16.132.229,9.51,6.67,23.38,301,269.15
2026-04-08T15:49:04.120509,github.com,140.82.113.3,1.04,54.41,83.1,200,490.68
2026-04-08T15:49:24.486043,google.com,173.194.208.102,1.43,9.0,22.83,301,256.82
2026-04-08T15:49:34.817007,cloudflare.com,104.16.132.229,1.89,8.68,23.48,301,268.59
2026-04-08T15:49:46.370629,github.com,140.82.113.4,7.43,48.54,81.26,200,463.7
2026-04-08T15:50:06.776525,google.com,173.194.208.102,1.49,8.83,20.72,301,287.34
2026-04-08T15:50:18.171865,cloudflare.com,104.16.132.229,1.33,9.18,21.14,301,266.23
2026-04-08T15:50:28.745860,github.com,140.82.112.4,9.8,44.1,84.63,200,489.12
2026-04-08T15:50:50.169366,google.com,173.194.208.102,1.87,8.13,20.21,301,269.35
2026-04-08T15:51:00.507123,cloudflare.com,104.16.132.229,1.42,6.66,23.92,301,278.15
2026-04-08T15:51:11.191787,github.com,140.82.112.4,5.32,48.33,85.23,200,561.17
2026-04-08T15:51:32.608452,google.com,173.194.208.102,9.54,13.13,19.77,301,267.4
2026-04-08T15:51:42.969910,cloudflare.com,104.16.132.229,1.47,12.57,24.33,301,280.16
2026-04-08T15:51:54.564773,github.com,140.82.114.4,10.69,48.34,79.33,200,491.07
2026-04-08T15:52:14.938299,google.com,173.194.208.102,1.33,9.5,22.32,301,253.13
2026-04-08T15:52:26.320252,cloudflare.com,104.16.133.229,6.17,12.91,19.25,301,268.4
2026-04-08T15:52:36.968801,github.com,140.82.114.4,6.38,53.11,90.81,200,526.29
2026-04-08T15:52:58.394111,google.com,173.194.208.102,1.38,8.58,28.49,301,274.41
2026-04-08T15:53:08.765974,cloudflare.com,104.16.132.229,9.13,7.04,21.89,301,247.42
2026-04-08T15:53:19.336523,github.com,140.82.112.3,7.66,47.95,83.06,200,463.07
2026-04-08T15:53:40.708024,google.com,173.194.208.102,1.39,16.78,20.81,301,248.97
2026-04-08T15:53:51.075633,cloudflare.com,104.16.132.229,1.79,11.15,23.74,301,295.44
2026-04-08T15:54:01.602789,github.com,140.82.112.3,1.29,48.93,82.65,200,434.45
2026-04-08T15:54:23.089702,google.com,173.194.208.102,1.36,13.34,21.73,301,247.5
2026-04-08T15:54:33.433320,cloudflare.com,104.16.132.229,1.36,9.32,22.43,301,268.92
2026-04-08T15:54:44.979528,github.com,140.82.113.4,7.83,49.53,81.92,200,445.23
2026-04-08T15:55:05.321540,google.com,173.194.208.102,1.83,7.92,19.6,301,255.18
2026-04-08T15:55:16.764083,cloudflare.com,104.16.132.229,1.29,10.47,29.59,301,300.06
2026-04-08T15:55:27.303845,github.com,140.82.113.3,5.45,48.12,78.78,200,465.74
2026-04-08T15:55:49.246498,google.com,173.194.208.102,2.44,10.31,200.83,301,431.37
2026-04-08T15:56:01.558156,cloudflare.com,104.16.132.229,1.31,568.77,441.51,301,1814.82
2026-04-08T15:56:14.561180,github.com,140.82.113.4,11.61,106.3,165.55,200,651.76
2026-04-08T15:56:36.375848,google.com,142.250.114.100,13.61,7.87,33.47,301,302.55
2026-04-08T15:56:46.783121,cloudflare.com,104.16.132.229,1.28,11.53,18.06,301,313.41
2026-04-08T15:56:58.405901,github.com,140.82.113.4,1.23,58.72,77.88,200,480.75
2026-04-08T15:57:18.849478,google.com,142.250.114.100,1.44,8.75,38.84,301,278.61
2026-04-08T15:57:30.569758,cloudflare.com,104.16.132.229,12.48,9.23,59.05,301,583.18
2026-04-08T15:57:41.222361,github.com,140.82.113.4,6.18,73.23,80.76,200,549.81
2026-04-08T15:58:02.968729,google.com,173.194.208.113,9.0,59.79,55.91,301,643.16
2026-04-08T15:58:13.381655,cloudflare.com,104.16.132.229,1.47,8.8,24.0,301,308.69
2026-04-08T15:58:23.991240,github.com,140.82.112.3,5.91,76.9,87.78,200,509.35
2026-04-08T15:58:45.365414,google.com,173.194.208.113,1.32,19.14,26.52,301,242.09
2026-04-08T15:58:55.783507,cloudflare.com,104.16.132.229,1.67,7.61,29.59,301,328.0
2026-04-08T15:59:07.248727,github.com,140.82.113.4,14.58,53.34,82.84,200,478.81
2026-04-08T15:59:27.713733,google.com,173.194.208.113,1.55,7.75,25.71,301,289.9
2026-04-08T15:59:39.018919,cloudflare.com,104.16.132.229,1.29,10.33,28.53,301,311.2
2026-04-08T15:59:49.581376,github.com,140.82.113.4,1.16,44.72,85.5,200,432.72
2026-04-08T16:00:10.042302,google.com,173.194.208.113,1.64,12.99,20.68,301,309.42
2026-04-08T16:00:20.499024,cloudflare.com,104.16.132.229,1.57,37.92,23.02,301,328.39
2026-04-08T16:00:32.027734,github.com,140.82.112.4,5.42,54.0,86.19,200,555.8
2026-04-08T16:00:52.431321,google.com,142.250.113.138,6.38,9.16,25.31,301,287.46
2026-04-08T16:01:03.551987,cloudflare.com,104.16.132.229,1.41,10.03,22.29,301,297.79
2026-04-08T16:01:14.110248,github.com,140.82.112.4,1.29,43.46,81.98,200,460.93
2026-04-08T16:01:35.141625,google.com,173.194.208.101,10.67,9.61,24.32,301,249.99
2026-04-08T16:01:45.494697,cloudflare.com,104.16.132.229,1.42,16.4,27.03,301,258.08
2026-04-08T16:01:56.102770,github.com,140.82.113.3,7.95,50.07,118.82,200,533.55
2026-04-08T16:02:17.227412,google.com,173.194.208.101,1.41,8.4,18.78,301,254.94
2026-04-08T16:02:27.600900,cloudflare.com,104.16.133.229,13.83,10.77,25.09,301,295.67
